"","s__Absiella_dolichum","s__Acidaminococcus_intestini","s__Actinomyces_graevenitzii","s__Adlercreutzia_equolifaciens","s__Agathobaculum_butyriciproducens","s__Akkermansia_muciniphila","s__Alistipes_finegoldii","s__Alistipes_indistinctus","s__Alistipes_inops","s__Alistipes_onderdonkii","s__Alistipes_putredinis","s__Alistipes_shahii","s__Alistipes_timonensis","s__Allisonella_histaminiformans","s__Anaerococcus_vaginalis","s__Anaeroglobus_geminatus","s__Anaeromassilibacillus_sp_An172","s__Anaeromassilibacillus_sp_An250","s__Anaerostipes_caccae","s__Anaerostipes_hadrus","s__Anaerotignum_lactatifermentans","s__Anaerotruncus_colihominis","s__Asaccharobacter_celatus","s__Bacteroides_caccae","s__Bacteroides_cellulosilyticus","s__Bacteroides_clarus","s__Bacteroides_coprocola","s__Bacteroides_dorei","s__Bacteroides_eggerthii","s__Bacteroides_faecis","s__Bacteroides_faecis_CAG_32","s__Bacteroides_finegoldii","s__Bacteroides_fragilis","s__Bacteroides_galacturonicus","s__Bacteroides_intestinalis","s__Bacteroides_massiliensis","s__Bacteroides_nordii","s__Bacteroides_oleiciplenus","s__Bacteroides_ovatus","s__Bacteroides_pectinophilus","s__Bacteroides_plebeius","s__Bacteroides_salyersiae","s__Bacteroides_sp_CAG_144","s__Bacteroides_stercoris","s__Bacteroides_thetaiotaomicron","s__Bacteroides_uniformis","s__Bacteroides_vulgatus","s__Bacteroides_xylanisolvens","s__Barnesiella_intestinihominis","s__Bifidobacterium_adolescentis","s__Bifidobacterium_animalis","s__Bifidobacterium_bifidum","s__Bifidobacterium_breve","s__Bifidobacterium_dentium","s__Bifidobacterium_longum","s__Bifidobacterium_pseudocatenulatum","s__Bifidobacterium_pseudolongum","s__Bifidobacterium_pullorum","s__Bifidobacterium_scardovii","s__Bilophila_wadsworthia","s__Blautia_coccoides","s__Blautia_hansenii","s__Blautia_hydrogenotrophica","s__Blautia_obeum","s__Blautia_producta","s__Blautia_sp_CAG_257","s__Blautia_sp_N6H1_15","s__Blautia_wexlerae","s__Brachyspira_sp_CAG_700","s__Butyribacterium_methylotrophicum","s__Butyricicoccus_pullicaecorum","s__Butyricimonas_synergistica","s__Butyricimonas_virosa","s__Campylobacter_hominis","s__Campylobacter_upsaliensis","s__Candidatus_Gastranaerophilales_bacterium","s__Candidatus_Methanomassiliicoccus_intestinalis","s__Candidatus_Stoquefichus_sp_KLE1796","s__Catenibacterium_mitsuokai","s__Christensenella_minuta","s__Citrobacter_amalonaticus","s__Citrobacter_braakii","s__Citrobacter_freundii","s__Citrobacter_youngae","s__Cloacibacillus_evryensis","s__Clostridiales_bacterium_1_7_47FAA","s__Clostridiales_bacterium_CHKCI006","s__Clostridium_aldenense","s__Clostridium_asparagiforme","s__Clostridium_bolteae","s__Clostridium_bolteae_CAG_59","s__Clostridium_citroniae","s__Clostridium_clostridioforme","s__Clostridium_disporicum","s__Clostridium_hiranonis","s__Clostridium_hylemonae","s__Clostridium_innocuum","s__Clostridium_lavalense","s__Clostridium_leptum","s__Clostridium_methylpentosum","s__Clostridium_neonatale","s__Clostridium_paraputrificum","s__Clostridium_saccharolyticum","s__Clostridium_scindens","s__Clostridium_sp_CAG_167","s__Clostridium_sp_CAG_242","s__Clostridium_sp_CAG_253","s__Clostridium_sp_CAG_299","s__Clostridium_sp_CAG_411","s__Clostridium_sp_CAG_58","s__Clostridium_spiroforme","s__Clostridium_symbiosum","s__Collinsella_aerofaciens","s__Collinsella_intestinalis","s__Collinsella_massiliensis","s__Collinsella_stercoris","s__Comamonas_kerstersii","s__Coprobacillus_cateniformis","s__Coprobacter_fastidiosus","s__Coprococcus_catus","s__Coprococcus_comes","s__Coprococcus_eutactus","s__Desulfovibrio_piger","s__Desulfovibrionaceae_bacterium","s__Dialister_invisus","s__Dialister_pneumosintes","s__Dielma_fastidiosa","s__Dorea_formicigenerans","s__Dorea_longicatena","s__Dorea_sp_CAG_317","s__Eggerthella_lenta","s__Eisenbergiella_massiliensis","s__Eisenbergiella_tayi","s__Enorma_massiliensis","s__Enterococcus_faecium","s__Enterococcus_raffinosus","s__Enterorhabdus_caecimuris","s__Erysipelatoclostridium_ramosum","s__Escherichia_coli","s__Eubacteriaceae_bacterium_CHKCI005","s__Eubacterium_dolichum_CAG_375","s__Eubacterium_eligens","s__Eubacterium_hallii","s__Eubacterium_limosum","s__Eubacterium_ramulus","s__Eubacterium_rectale","s__Eubacterium_siraeum","s__Eubacterium_sp_CAG_180","s__Eubacterium_sp_CAG_251","s__Eubacterium_sp_CAG_274","s__Eubacterium_sp_CAG_38","s__Eubacterium_ventriosum","s__Faecalibacterium_prausnitzii","s__Faecalitalea_cylindroides","s__Firmicutes_bacterium_CAG_110","s__Firmicutes_bacterium_CAG_145","s__Firmicutes_bacterium_CAG_170","s__Firmicutes_bacterium_CAG_424","s__Firmicutes_bacterium_CAG_555","s__Firmicutes_bacterium_CAG_646","s__Firmicutes_bacterium_CAG_83","s__Firmicutes_bacterium_CAG_94","s__Firmicutes_bacterium_CAG_95","s__Flavonifractor_plautii","s__Flavonifractor_sp_An100","s__Fusicatenibacter_saccharivorans","s__Fusobacterium_sp_CAG_439","s__Fusobacterium_ulcerans","s__Gemella_asaccharolytica","s__Gemmiger_formicilis","s__Gordonibacter_pamelaeae","s__Haemophilus_parainfluenzae","s__Haemophilus_sp_HMSC71H05","s__Hafnia_paralvei","s__Harryflintia_acetispora","s__Holdemanella_biformis","s__Holdemania_filiformis","s__Hungatella_hathewayi","s__Intestinibacter_bartlettii","s__Intestinimonas_butyriciproducens","s__Klebsiella_michiganensis","s__Klebsiella_pneumoniae","s__Klebsiella_quasipneumoniae","s__Klebsiella_variicola","s__Lachnoclostridium_sp_An118","s__Lachnoclostridium_sp_An131","s__Lachnoclostridium_sp_An138","s__Lachnoclostridium_sp_An14","s__Lachnospira_pectinoschiza","s__Lactobacillus_animalis","s__Lactobacillus_delbrueckii","s__Lactobacillus_fermentum","s__Lactobacillus_gasseri","s__Lactobacillus_paragasseri","s__Lactobacillus_plantarum","s__Lactobacillus_reuteri","s__Lactobacillus_rhamnosus","s__Lactobacillus_sakei","s__Lactobacillus_vaginalis","s__Lactococcus_lactis","s__Lactonifactor_longoviformis","s__Lawsonella_clevelandensis","s__Lawsonibacter_asaccharolyticus","s__Marvinbryantia_formatexigens","s__Massiliomicrobiota_timonensis","s__Megamonas_funiformis","s__Megamonas_funiformis_CAG_377","s__Megamonas_hypermegale","s__Megasphaera_elsdenii","s__Megasphaera_sp_MJR8396C","s__Methanobrevibacter_smithii","s__Methanosphaera_stadtmanae","s__Mitsuokella_jalaludinii","s__Mitsuokella_multacida","s__Monoglobus_pectinilyticus","s__Odoribacter_splanchnicus","s__Oscillibacter_sp_57_20","s__Oscillibacter_sp_CAG_241","s__Oxalobacter_formigenes","s__Parabacteroides_distasonis","s__Parabacteroides_goldsteinii","s__Parabacteroides_johnsonii","s__Parabacteroides_merdae","s__Parabacteroides_sp_CAG_409","s__Paraprevotella_xylaniphila","s__Parasutterella_excrementihominis","s__Parvimonas_micra","s__Peptococcus_niger","s__Peptoniphilus_sp_HMSC062D09","s__Phascolarctobacterium_faecium","s__Phascolarctobacterium_succinatutens","s__Prevotella_bivia","s__Prevotella_copri","s__Prevotella_corporis","s__Prevotella_sp_885","s__Prevotella_sp_AM42_24","s__Prevotella_sp_CAG_1092","s__Prevotella_sp_CAG_279","s__Prevotella_sp_CAG_485","s__Prevotella_sp_CAG_520","s__Prevotella_sp_CAG_5226","s__Prevotella_stercorea","s__Prevotella_timonensis","s__Propionibacterium_freudenreichii","s__Proteobacteria_bacterium_CAG_139","s__Pseudoflavonifractor_capillosus","s__Pseudoflavonifractor_sp_An184","s__Pseudomonas_aeruginosa_group","s__Pyramidobacter_piscolens","s__Pyramidobacter_sp_C12_8","s__Raoultella_planticola","s__Romboutsia_ilealis","s__Roseburia_faecis","s__Roseburia_hominis","s__Roseburia_intestinalis","s__Roseburia_inulinivorans","s__Roseburia_sp_CAG_182","s__Roseburia_sp_CAG_303","s__Roseburia_sp_CAG_309","s__Roseburia_sp_CAG_471","s__Rothia_mucilaginosa","s__Ruminococcaceae_bacterium_D16","s__Ruminococcaceae_bacterium_D5","s__Ruminococcus_bicirculans","s__Ruminococcus_bromii","s__Ruminococcus_callidus","s__Ruminococcus_champanellensis","s__Ruminococcus_gnavus","s__Ruminococcus_lactaris","s__Ruminococcus_obeum_CAG_39","s__Ruminococcus_sp_CAG_330","s__Ruminococcus_torques","s__Ruthenibacterium_lactatiformans","s__Sanguibacteroides_justesenii","s__Sellimonas_intestinalis","s__Serratia_marcescens","s__Serratia_ureilytica","s__Slackia_isoflavoniconvertens","s__Streptococcus_gordonii","s__Streptococcus_lutetiensis","s__Streptococcus_mutans","s__Streptococcus_parasanguinis","s__Streptococcus_salivarius","s__Streptococcus_thermophilus","s__Streptococcus_vestibularis","s__Sutterella_parvirubra","s__Turicibacter_sanguinis","s__Turicimonas_muris","s__Tyzzerella_nexilis","s__Veillonella_atypica","s__Veillonella_dispar","s__Veillonella_infantium","s__Veillonella_parvula","s__Victivallis_vadensis"
"1-rB",0,0,0,0.04807,0.49318,0,0.5445,0,0,0.08892,0.15128,0,0,0,0,0,0,0,0,0.0911,0.71644,0.33451,0.05077,0,0,2.57115,0,22.81383,0,5.12444,0,2.25186,2.44454,0,0,0,0,0,0.01974,0,0,1.96104,0,3.7104,0,11.86289,2.8798,0.33336,1.20697,0,0,0,0,0,0,0,0,0,0,0.14567,0,0,0.17412,0.30702,0,0.05087,0,1.32758,0,0,0,0.15794,0.09946,0,0,0,0,0.06396,0,0,0,0,0,0,0,0,0,0,0,0,0.0144,0,0.04675,0,0,0,0.00783,0.16731,0,0,0,0,0,0,0,0.26763,0,0,0,0.74451,0,0.01363,0,0.56853,0,0,0,0,0,0,0.51829,0,0,0,0,0,0.03818,0.06502,0.10149,0.25568,0.02724,0,0.032,0,0,0,0,0,2.46125,0,0,0,0.9352,0,0.15749,0.56595,0,0,0,0,0,0,13.54046,0,0.08631,0,0,0,0,0,1.95167,0,0,0.38294,0,0.5487,0.49462,0,0,0.19167,0,0,0,0,0,0,0.07859,0.19199,0,0.09659,0,0,0,0,0,0,0,0,0,0,0,0,0,0,0,0,0,0,0,0,0,0,0.13464,0,0,0,0,0,0,0,0,0,0,0,0.82868,1.61357,0,0,0.04431,4.49538,0,0,1.92224,0,0,0.02704,0,0,0,0.09178,0,0,0,0,0,0,0,0,0,0,0,0,0,0,0,0,0,0,0.0461,0,0,0,0,0.14799,0.20787,0.59711,0.01041,0,0.00928,0,0,0,0,3.01574,0,0.02568,0,0,0,0,0,0,0.1999,0,0,0,0,0,0,0,0,0,0,0,0,0.00496,0,0,0,0,0,0,0,0
"1-rP",0,0,0,0.14767,0.40101,0,0.77423,0,0,0,0.15664,0,0,0,0,0,0,0,0,0.1342,0.0655,0.23953,0.07967,0,0,0.41021,0,22.35301,0,9.33748,0,2.73495,1.46341,0,0,0,0,0,0.16599,0,0,1.77132,0,3.91808,0,15.45027,5.07616,0.53092,2.29267,0,0,0,0,0,0,0,0,0,0,0.12887,0,0,0.1048,0.54705,0,0,0,1.37493,0,0,0,0.13595,0.07282,0,0,0,0,0,0,0,0,0,0,0,0,0,0,0,0,0,0,0,0,0,0,0,0,0.18534,0,0,0,0,0,0,0,0.04357,0,0,0,0.36529,0,0,0,0.14445,0,0,0,0,0,0,0.44452,0,0,0,0,0,0,0.11691,0.007,0.40249,0.06597,0,0,0,0,0,0,0,0.1396,0,0,0,1.26402,0,0.099,0.51519,0.01897,0,0,0,0,0,4.71705,0,0.05996,0,0,0,0,0,1.19425,0,0,0.2771,0,1.42211,0.69542,0,0,0.17777,0.00882,0,0,0,0,0,0.03359,0,0,0.03172,0,0,0,0,0,0,0,0,0,0,0,0,0,0,0,0,0,0,0,0,0,0,0.05917,0,0,0,0,0,0,0,0,0,0,0,0.45886,1.63634,0,0,0.16775,9.34475,0,0,3.18758,0,0,0,0,0,0,0.14037,0,0,0,0,0,0,0,0,0,0,0,0,0,0,0,0,0,0,0,0,0,0,0,0.19977,0.38459,0.88817,0,0,0,0,0,0,0,1.07194,0,0.03634,0,0,0,0,0,0,0.10887,0,0,0,0,0,0,0,0,0,0,0,0,0.01805,0,0,0,0,0,0,0,0
"1-tB",0,0,0.01399,0,0.36335,0,0.24372,0,0,0.13588,0,0,0,0,0,0,0,0,0,0.41454,0.10381,0,0,0,0,0.35147,0,6.21824,0,3.04777,0,0.35561,0.72587,0,0,0,0,0,0,0,0,2.03247,0,1.19759,0,6.47147,2.80695,0.08624,0.47024,0,0,0,0,0,0,0,0,0,0,0.36203,0,0,0,0.32458,0,0,0,22.01848,0,0,0,0.01358,0,0,0,0,0,0,0,0,0,0,0,0,0,0,0,0,0,0.12816,0,0,0,0,0,0,0,0.56955,0,0,0,0,0,0,0,0,0,0,0,0.39167,0,0.27843,0,0.05806,0,0,0,0,0,0,0.46254,0,0,0,0,0,0,0.28786,0,0.36889,0,0,0,0,0,0,0,0,0,0,0,0,1.57066,0,0.9733,3.45789,0,0,0,0,0,0,19.28564,0,0.03647,0,0,0,0,0,1.05241,0,0,0.07455,0,0.94395,0.46904,0,0,0.23043,0,0,0,0,0,0,0.01861,0,0,0,0,0,0,0,0,0,0,0,0,0,0,0,0,0,0,0,0,0.03963,0,0.07645,0,0,0.20011,0,0,0,0,0,0,0,0,0,0,0,1.52107,0.90487,0,0,0.02877,4.01127,0,0,3.38152,0,0,0,0,0,0,0.06665,0,0,0,0,0,0,0,0,0,0,0,0,0,0,0,0,0,0,0,0,0,0,0,0.65903,7.38396,2.12935,0.18869,0,0,0,0,0,0,0.39276,0,0.14042,0,0,0,0,0,0,0.03709,0,0,0,0,0,0,0,0,0,0.42238,0,0,0,0,0,0,0,0,0,0,0
"1-tP",0,0,0,0.20501,0.88525,0,0.96882,0,0,0,0.22068,0,0,0,0,0,0,0,0,0.14435,0.03042,0.31064,0.11129,0,0,3.59396,0,20.78747,0,5.87992,0,2.10345,2.20929,0,0,0,0,0,0,0,0,3.78852,0,4.61739,0,8.80667,6.89971,0.05171,2.26145,0,0,0,0,0,0,0,0,0,0,0.23719,0,0,0.11239,0.21028,0,0.01803,0,0.58158,0,0,0,0.17233,0.0755,0,0,0,0,0,0,0,0,0,0,0,0,0,0,0,0,0,0,0,0,0,0,0,0,0.11747,0,0,0,0,0,0,0,0.07291,0,0,0,0.23731,0,0.00424,0,0.42061,0,0,0,0,0,0,0.68978,0,0,0,0,0,0,0.13068,0.17231,0.50187,0.15992,0,0,0,0,0,0,0,4.90262,0,0,0,1.64491,0,0.38476,0.28072,0.15614,0,0,0,0,0,5.9735,0,0.14671,0,0,0,0,0,1.97338,0,0,0.19152,0,0.69633,0.65542,0,0,0.30638,0.0129,0,0,0,0,0,0.03546,0,0,0,0,0,0,0,0,0,0,0,0,0,0,0,0,0,0,0,0,0,0,0,0,0,0.15447,0,0,0,0,0,0,0,0,0,0,0,2.89869,0.79871,0,0,0.16147,5.18864,0,0,2.19913,0,0,0,0,0,0,0.09418,0,0,0,0,0,0,0,0,0,0,0,0,0,0,0,0,0,0,0,0,0,0,0,0.21926,0,0.61278,0.07091,0,0.00222,0,0,0,0,1.91067,0,0.1032,0,0,0,0,0,0,0.39942,0,0,0,0,0,0,0,0,0,0.03512,0,0,0,0,0,0,0,0,0,0,0
"101-rB",0,0,0,0.02071,0.05182,3.20968,0.15374,0.08253,0,0,10.10972,3.21342,0,0,0,0,0,0.29014,0,0.88298,0,0,0.02497,0.64122,0.61927,0,0,0.98474,0.44749,0,0,0.06012,2.74487,0,0,0.43832,0,0,0.19956,0,0,0,0,26.31982,0.31314,6.67203,1.09118,0.82116,2.5284,0,0,0,0,0,0.52818,0,0,0,0,0.0442,0,0,0,0.0371,0,0,0,0.22475,0,0,0,0.18146,0,0,0,0,0.38678,0,0,0,0,0,0,0,0.01232,0,0,0,0,0,0,0,0,0.07253,0,0,0,0,0,0,0,0,0,0,0,0,0,0,0,0,0,0,0.25187,0,0.00492,0,0,0,0,0,0,0,0,0,0.08031,0,0,0.03817,0.34266,0,0,0,0,0,0,0,0,0,0,0,0,0.0444,0.04428,0,0,0.88993,16.86065,0,0,0,0.0112,0,3.17985,0,1.38722,0,0,0,0,0,0,0.45084,0,0,0,0.12556,0,0,0,0,0,0,0,0,0,0,0,0,0,0,0,0,0,0,0,0,0,0,0,0,0,0,0,0,0,0,0,0,0,0,0,0,0.22547,0,0,0,0,0,0,0,1.16394,0.24896,0,0,0,1.87735,0.57336,0.01953,0,1.36586,0,0,1.80831,0,0,0,0,0,0,0,0,0,0,0,0,0,0,0,0,0,0,0,0,0,0,0,0,0,0,0,0,0,2.33517,0,0,0.14624,0,0,0,0,0,0,0.01564,0,2.45187,0,0,0,0,0.03499,0,0.21443,0.17282,0,0,0,0,0,0,0.22584,0,0,0,0,0,0,0,0,0,0,0,0,0,0
"101-rP",0,0,0,0.00639,0.05669,1.15176,0.0865,0.01368,0,0,9.29918,1.93457,0,0,0,0,0,0.11959,0,0.11292,0,0,0.00965,0.97333,0.33433,0,0,1.56159,0.54657,0,0,0.00956,1.09169,0,0,0.60313,0,0,0.16692,0,0,0,0,17.13667,0.19213,3.67121,5.29577,0.74815,3.32909,0,0,0,0,0,0.99814,0,0,0,0,0.0263,0,0,0,0.16228,0,0,0,0,0,0,0,0.22537,0,0,0,0.00295,0,0,0,0,0,0,0,0,0,0,0,0,0,0,0,0,0,0.31138,0,0,0,0,0.06287,0,0,0,0,0,0,0,0,0,0,0.00256,0,0,0.31417,0.00439,0,0.09701,0,0,0,0,0.18398,0,0,0,0.03978,0,0,0.07279,0.34261,0,0.01043,0,0,0,0,0,0,0,0,0,0,0.4471,0.06254,0,0.08044,3.83382,12.10564,0,0,0,0.21789,0,14.111,0,1.17034,0,0,0,0,0,0,0.05923,0,0,0,2.18595,0,0,0,0,0,0,0,0,0,0,0,0,0,0,0,0.00738,0,0.03084,0,0,0,0,0,0,0,0,0,0,0,0,0,0,0,0,0,0,0.09307,0,0,0,0,0,0,0,0.67016,0.16375,0,0,0,1.58647,0.63494,0.1074,0,1.84547,0,0,1.96026,0,0,0,0,0,0,0,0,0,0,0,0,0,0,0,0,0,0,0,0,0,0,0,0,0,0,0,0,0,3.16635,0.19269,0.0251,0.40244,0,0,0,0,0,0,0,0,2.56953,0,0,0,0.07738,0,0,0.10263,0.24313,0,0,0,0,0,0,0.53897,0,0,0,0,0,0,0,0,0,0,0,0,0,0
"101-tB",0,0,0,0.01298,0.04692,0.72945,0.11707,0.10095,0,0,12.4006,3.67229,0,0,0,0,0,0.05725,0,0.2688,0,0,0.00384,0.76756,0.85559,0,0,3.90693,2.01309,0,0,0,0.53173,0,0,0.22092,0,0,0.05415,0,0,0,0,19.26819,0.63633,0.61479,2.374,0.47141,5.31032,0,0,0,0,0,0.7605,0,0,0,0,0.05794,0,0,0,0.25821,0,0,0,0,0,0,0,0.08818,0,0,0,0.10139,0.05645,0,0,0,0,0,0,0,0,0,0,0,0,0,0,0,0,0.0902,0,0,0,0,0,0,0,0,0,0,0,0,0,0,0,0.08435,0,0,0.35935,0,0.00295,0.28986,0,0,0,0,0.06648,0,0,0,0.20562,0,0,0.06358,0.09362,0,0,0,0,0,0,0,0,0.10371,0,0,0,1.53475,0.06392,0,0.04685,2.12276,9.74238,0,0,0,0,0,14.0789,0,3.51053,0,0,0,0,0,0,0.23356,0,0,0,0.56061,0,0,0,0,0.05439,0,0,0,0,0,0,0,0.10395,0,0,0,0,0,0,0,0,0,0,0,0,0,0,0,0,0,0,0,0,0,0,0,0.18532,0,0,0,0,0,0,0,1.49096,0.23627,0,0,0,2.11184,0.10147,0.05009,0,0.83338,0,0,1.76613,0,0,0,0,0,0,0,0,0,0,0,0,0,0,0,0,0,0,0,0,0,0,0,0,0,0,0,0,0,0.67785,0.68008,0,0.13109,0,0,0,0,0,0,0.05289,0,2.01578,0,0,0.08227,0.0553,0,0,0.20906,0.09108,0,0,0,0,0,0,0.04969,0,0,0,0,0,0,0.00929,0,0,0,0,0,0,0
"101-tP",0,0,0,0.01993,0.14192,2.12955,0.14346,0.10029,0,0,9.35901,2.60621,0,0,0,0,0,0.27194,0,0.25034,0,0,0.00157,0.99624,0,0,0,1.52209,0.05655,0,0,0,1.00899,0,0,0.96552,0,0,0.09409,0,0,0,0,15.05933,0.21144,9.60145,2.54916,0.3538,3.62083,0,0,0,0,0,0.11298,0,0,0,0,0.00513,0,0,0,0.09469,0,0,0,0,0,0,0,0.14162,0.00214,0,0,0.30659,0.18439,0,0,0,0,0,0,0,0,0,0,0,0,0,0,0,0,0.17558,0,0,0,0,0,0,0,0.0059,0,0,0,0,0,0,0,0,0,0,0.33124,0,0.00369,0.13805,0,0,0,0,0,0,0,0,0.03705,0,0,0,0.14796,0,0,0,0,0,0,0,0,0.35164,0,0,0,0.90702,0.04783,0,0.00425,0.92486,20.8361,0,0,0,0.04574,0,9.56039,0,1.56499,0,0,0,0,0,0,0.55989,0,0,0,0.38558,0,0,0,0,0,0,0,0,0,0,0,0,0.00198,0,0,0,0,0,0,0,0,0,0,0,0,0,0,0,0,0,0,0,0,0,0,0,0.2145,0,0,0,0,0,0,0,0.91556,0.39982,0,0,0,1.63192,0.26571,0.10089,0,1.69269,0,0,1.18666,0,0,0,0,0,0,0,0,0,0,0,0,0,0,0,0,0,0,0,0,0,0,0,0,0,0,0,0,0,1.42748,0.41257,0.05771,0.24838,0,0,0,0,0,0,0,0,3.28229,0,0,0.17453,0,0,0,0.01266,0.03563,0,0,0,0,0,0,0,0,0,0,0,0,0,0,0,0,0,0,0,0,0
"102-rB",0,0,0,0.08359,0,6.33324,1.36799,0,0,0,15.42207,0.53322,0,0,0,0,0,0,0,0,0,0.24082,0.34098,0.7804,1.35313,0,0,0,0,0,0,0,0.58833,0,0,0,0,0,0.26145,0,0,0,0,4.64147,0.25841,1.19498,9.01746,0.23042,0,0,0,0,0,0,0,0,0,0,0,0,0,0,0.17641,0,0,1.72029,0,1.8737,0,0,0,0,0,0,0,0,0,0.23729,0,0,0,0,0,0,0,0.00631,0,0,0,0,0,0,0,0,0,0,0,0.01436,0.7581,0,0,0,0,0,0,1.00645,0,0.34002,0,1.67332,0.29745,0,0.01417,0.10983,0,0.32483,0,0,0,0,0,0,0,0,0,0,0.06071,0.1033,0,1.90848,0.81126,0,0.02734,0,0,0,0,0.03692,0,0,0,0.99116,0,0,0,2.98528,8.14505,0,0,0,0,0,0.31403,0,0,0.50171,0,1.72174,0,0,0,1.26459,0,1.15156,0,0.54823,0,0,0,0,0.32265,0,0,0,0,0,0.49506,0,0,0,0,0,0,0,0,0.02369,0,0,0,0,0,0,0,0,0,0.00633,0,0,0,0,0,0,0.10546,0,0,0,0,0,0,0,0,0,0,0,0.40299,0,0,1.75351,0,1.8867,0,0,0,0,0,1.4356,0,0,0,0.23353,0,0,0,0,0,0,0,0,0,0,0,0,0,0,0.02517,0,0,0,0,0,0,0.00447,0.33436,0.27757,0,0.15968,0,0,0,0,0,0.1366,0,0,18.167,0,0,0.23935,0,0,0,0,0.99079,0,0.0294,0,0,0,0,0,0,0,0,1.12411,0,0,0,0.06287,0.01126,0,0,0,0,0
"102-rP",0,0,0,0.05715,0,4.54204,0.02849,0,0,0,1.98411,0.08971,0,0,0,0,0,0,0,3.17313,0.02288,0.06436,0.31855,1.71425,1.56286,0,0,0,0,0,0,0,1.99975,0,0,0,0,0,0.69175,0,0,0,0,0.28212,0.35786,2.15724,3.20395,0.13094,0,0,0,0,0,0,0,0,0,0,0,0,0,0,0.04375,0,0,1.75767,0,2.01474,0,0,0,0,0,0,0,0,0,1.49877,0,0,0,0,0,0,0,0.12237,0,0,0.04227,0,0,0,0,0,0,0,0,0,0.19309,0,0,0,0,0,0,0.3163,0,0.23832,0,0.46071,0.04407,0.08879,0,0.0132,0,0.06508,0,0,0,0,0,0,0,0,0,0,0.04882,0.41808,0,0.9182,1.00817,0.32745,0.56979,0,0,0,0,1.929,0,0,0,14.47639,0,0,0,6.53541,11.23888,0,0,0,0,0,0.76303,0,0,0.99162,0,2.43822,0,0,0,0.21027,0,0.48273,0,5.74519,0,0,0,0,0.71378,0,0,0,0,0,0.12186,0,0,0,0,0,0,0,0,0,0,0,0,0,0,0,0,0,0,0,0,0,0,0.01627,0,0,0,0,0,0,0,0,0,0,0,0,0,0,0.10494,0,0,0.3221,0,1.8623,0,0,0,0,0,0.2118,0,0,0,0.25111,0,0,0,0,0,0,0,0,0,0,0,0,0,0,0,0,0,0,0,0,0,0,0.2818,0.57051,0,0.67873,0,0,0,0,0,0.15852,0,0,13.79862,0,0,0.68242,0,0,0,0,0.63839,0,0,0,0,0,0,0,0,0,0,2.04029,0,0,0,0,0.16504,0,0,0,0,0
"102-tB",0,0,0,0.00436,0,6.98518,0.19869,0,0,0,11.83374,0.23579,0,0,0,0,0,0,0,0.38688,0.05867,0.07845,0.01356,0.80833,6.43804,0,0,0,0,0,0,0,0.28181,0,0,0,0,0,0.64974,0,0,0,0,1.33891,0.39719,0.97314,11.16851,0.24024,0,0,0,0,0,0,0,0,0,0,0,0,0,0,0.07003,0,0,4.74216,0,1.23544,0,0,0,0,0,0,0,0,0,0.84409,0,0,0,0,0,0,0,0.10103,0,0,0.03969,0,0,0,0,0,0,0,0,0,0.12317,0,0,0,0,0,0,0.18038,0,0.68262,0,0.41788,0.04203,0,0,0.01467,0,0.04715,0,0,0,0,0,0,0,0,0,0,0,0.25177,0,0.49057,0.20394,0.10682,0.06316,0,0,0,0,0.03892,0,0,0,7.3184,0,0,0,16.52456,4.62835,0,0,0,0,0,1.4547,0,0,0.17121,0,0.55793,0,0,0,0.22522,0,0.36854,0,4.044,0,0,0,0,0.29388,0,0,0,0,0,0.36291,0,0,0,0,0,0,0,0,0,0,0,0,0,0,0,0,0,0,0,0,0,0,0,0,0,0.03083,0,0,0,0,0,0,0,0,0,0,0,0.47299,0,0,0.25566,0,1.08294,0,0,0,0,0,0.98368,0,0,0,0.70796,0,0,0,0,0,0,0,0,0,0,0,0,0,0,0.02411,0,0,0,0,0,0,0,0.38716,0.09362,0,0.62231,0,0,0,0,0,0.05195,0,0,5.08543,0,0,1.69813,0,0,0,0,0.49403,0,0.17361,0,0,0,0,0,0,0,0,0,0,0,0,0.09914,0,0,0,0,0,0
"102-tP",0,0,0,0,0,6.50459,0.23263,0,0,0,9.8906,0.31156,0,0,0,0,0,0,0,0.99455,0.03423,0.02276,0.0169,2.23435,18.5173,0,0,0,0,0,0,0,0.94952,0,0,0,0,0,1.40589,0,0,0,0,3.71353,1.8165,2.96358,17.77189,1.73118,0,0,0,0,0,0,0,0,0,0,0,0,0,0,0,0,0,1.95187,0,3.48752,0,0,0,0,0,0,0,0,0,0.25043,0,0,0,0,0,0,0,0.01328,0,0,0.07376,0.01934,0,0,0,0,0,0,0,0.02321,0.00741,0,0,0,0,0,0,0.08307,0,0.57751,0,0.58771,0.00438,0,0,0.00258,0,0.00586,0,0,0,0,0,0,0,0,0,0,0,0.13472,0,0.25187,0.07626,0.00465,0.00164,0,0,0,0,0.06349,0,0,0,1.10143,0,0,0.0319,2.37979,0.74941,0,0,0,0,0,1.84748,0,0,0,0,0.8686,0,0,0,0.46833,0,0.27669,0,1.38941,0,0,0,0,0.00815,0,0,0,0,0,0.03409,0,0,0.0115,0,0,0,0,0,0,0,0,0,0,0,0,0,0,0,0,0,0,0,0.02767,0,0,0.02213,0,0,0,0,0,0,0,0,0,0,0,0.02663,0,0,0.06781,0,4.30045,0,0,0,0,0,1.22956,0,0,0,0.45673,0,0,0,0,0,0,0,0,0,0,0,0,0,0,0.03477,0,0,0,0,0,0,0,1.25957,0.31499,0,1.08208,0,0,0,0,0,0.00355,0,0,4.46548,0,0,0.65942,0,0,0,0,0.1044,0,0,0,0,0,0,0,0,0,0,0,0,0,0,0.04582,0,0,0,0,0,0
"17-rB",0,0,0,0.00954,0.25801,0,1.40515,0,0,0.48285,11.91214,0.86376,0,0,0,0,0,0,0,0,0,0.01132,0,3.52542,1.88548,0,0,4.14654,0,0,0,0,0.36544,0,0.25244,0,0.40614,0,0.15659,0,0,0,0,0,1.30261,13.62361,1.97692,0,0,0,0,0,0,0,0,0,0,0,0,0,0,0,0,2.28512,0,0.12716,0,0.62035,0,0,0,0,0,0,0,0,0,0,0,0,0,0,0,0,0,0,0,0,0.07284,0.18609,0.08632,0,0.01608,0,0,0,0,0.08711,0.17103,0,0,0,0,0,0,0,0,0.03297,0,0.1817,0,0,0.32942,0,0,0,0,0,0,0.06656,0,0,0,0,0.56823,0,0.0461,0,1.53848,0,0.04527,0.37977,0,0,0,0,0,0.02016,0,0,0,0,0.13391,0,0.93618,7.888,3.86614,0,0,0,0.56522,0,4.18546,0,0,0,0,0,0,0,0.37179,0,0,0.18238,0,17.45936,0,0,0,0.15969,0,0,0,0,0,0,0,0.02702,0,0,0,0,0,0,0,0,0,0,1.09037,0,0,0,0,0,0,0,0,0,0,0,0,0,0.30741,0,0,0,0,0,0,0,0,0,0,0,0,0,0,0,0,0.54842,0,0,0.24311,0,0,0,0,0,0,0,0,0,0,0,0,0,0,0,0,0,0,0,0,0,0,0,0,0,0,0,0,0,8.34099,0,0,0.6538,0,0,0,0,0,0,0,0,0.07666,0,0,1.8318,0,0,0,0,1.36986,0,0,0,0,0,0,0,0,0,0.28207,0.03564,0,0,0,0,0,0,0,0,0,0
"17-rP",0,0,0,0.01773,0.2436,0.02537,0.50492,0,0,0.16422,9.42881,0.34687,0,0,0,0,0,0,0,0.23729,0.02205,0.02398,0.00616,2.32145,7.3192,0,0,15.9172,0,0,0,0,1.75719,0,0.08761,0,0.27245,0,0.20392,0,0,0,0,0,2.90472,19.79309,2.43629,0,0,0,0,0,0,0,0.67522,0,0,0,0,0,0,0,0,1.59594,0,0,0,0.89015,0,0,0,0,0,0,0,0,0,0,0,0,0,0,0,0,0,0,0,0,0,0,0,0,0,0,0,0,0,0,0,0,0,0,0,0,0,0,0,0,0,0.03394,0,0,0.6615,0,0,0,0,0,0,0.22293,0,0,0,0,0.16522,0,0,0.13332,0.55348,0,0.06721,0,0,0,0,0,0,0,0,0,0,0.05311,0.78971,0,0.11333,2.61807,5.82055,0,0,0,0,0,3.62594,0,0,0,0,0,0,0,0.10204,0,0,0.08678,0,3.281,0,0,0,0.23742,0.04651,0,0,0,0,0,0,0,0,0,0,0,0,0,0,0,0,0,0.29735,0,0,0,0,0,0,0,0,0,0,0,0,0,0.56434,0,0,0,0,0,0,0,0,0,0,0,0,0,0,0,0,1.41654,0,0,0.47632,0,0,0,0,0,0,0,0,0,0,0,0,0,0,0,0,0,0,0,0,0,0,0,0,0,0,0,0,0,5.37608,0.3758,0.76085,0.24282,0,0,0,0,0,0,0,0,3.13655,0,0,0,0,0,0,1.329,0.15977,0,0,0,0,0,0,0,0,0,0.05708,0,0,0,0,0,0,0,0,0,0,0
"17-tB",0,0,0,0.01763,0.36118,0,0.80377,0,0,0.09055,4.63582,0.57727,0,0,0,0,0,0,0,0.0783,0,0.04466,0.0062,3.57253,9.53582,0,0,19.08166,0,0,0,0,0.89213,0,0.09325,0,0.66845,0,0.30453,0,0,0,0,0,4.58842,15.43528,2.94718,0,0,0,0,0,0,0,0,0,0,0,0,0,0,0,0,3.83238,0,0.00931,0,0.9805,0,0,0,0,0,0,0,0,0,0,0,0,0.02467,0,0,0,0,0,0,0,0.04502,0.10337,0,0.005,0,0,0,0,0,0.02863,0.011,0,0,0,0,0,0,0,0,0.01298,0,0.02891,0,0.00374,0.49152,0,0,0,0,0.0102,0,0.13484,0,0,0,0,0.10741,0,0.13556,0.11468,0.29866,0,0.1347,0.03769,0.01473,0,0,0,0,0.00691,0.10906,0,0,0,0.82502,0,0.07723,8.47173,4.03201,0,0,0,0.06204,0,2.37563,0,0,0.11642,0,0,0,0,0.2065,0,0,0.16613,0,1.56401,0,0,0,0.19969,0.05601,0,0,0,0,0,0,0.03374,0.01263,0.00217,0,0,0,0,0,0,0,0,1.09959,0,0,0,0,0,0,0,0,0,0,0,0,0,0.42108,0,0,0,0,0,0,0,0,0,0,0,0,0,0,0,0,1.5362,0,0,0.32762,0,0,0,0,0,0,0,0,0,0,0,0,0,0,0,0,0,0,0,0,0,0,0,0,0,0,0,0,0,2.95639,2.96116,0,0.10966,0,0,0,0,0,0,0,0,1.35048,0,0,0.12908,0,0,0,0,0.30614,0,0.01945,0,0,0,0,0,0,0.00763,0.08447,0.07136,0,0,0,0,0.00264,0,0,0,0,0
"17-tP",0,0,0,0.03539,0.31619,0.19038,1.11469,0,0,0.17488,10.52516,0.62099,0,0,0,0,0,0,0,0.24368,0.01963,0.02238,0.00775,1.90391,4.57778,0,0,10.34376,0,0,0,0,2.23611,0,0.01411,0,0.46142,0,0.15115,0,0,0,0,0,3.21795,14.56478,7.37978,0,0,0,0,0,0,0,0.28461,0,0,0,0,0,0,0,0.05556,1.76168,0.00683,0,0,0.44239,0,0,0,0,0,0,0,0,0,0,0,0,0,0,0,0,0,0,0,0,0,0,0,0,0,0.40075,0,0,0,0.01287,0,0,0,0,0,0,0,0.0266,0,0.0066,0,0.08,0,0.00606,0.55634,0,0,0,0,0,0,0.2119,0,0,0,0,0.07884,0,0.04128,0.17452,0.68231,0,0.09511,0,0,0,0,0,0,0.03401,0,0,0,0.48801,0.61454,0,0.04708,6.84873,4.48789,0,0,0,0.14751,0,5.15905,0,0,0.05071,0,0,0,0,0.13591,0,0,0.12348,0,2.36844,0,0,0,0.13761,0.05307,0.00793,0,0,0,0,0,0,0,0,0,0,0,0,0,0,0,0,3.10473,0,0,0,0,0,0,0,0,0,0,0,0,0,0.71158,0,0,0,0,0,0,0,0,0,0,0,0,0,0,0,0,1.0573,0,0,0.31849,0,0,0,0,0,0,0,0,0,0,0,0,0,0,0,0,0,0,0,0,0,0,0,0,0,0,0,0,0,3.73697,0.29882,1.07901,0.48341,0,0,0,0,0,0,0,0,3.74822,0,0,0,0,0,0,1.32661,0.20179,0,0.02801,0,0,0,0,0,0,0.056,0.09074,0,0.00826,0,0,0,0,0,0,0,0,0
"19-rB",0,0,0,0.11566,0.50968,0.52959,0.04639,0.24989,0,0,4.04052,1.03997,0,0,0,0,0,0.30445,0,0.78835,0,0,0.30468,3.21565,0,0,0,12.92219,0,0,0,0,0.04316,0,0,0,0,0,3.21503,0,0,0.70305,0,0,0,13.17599,0,0,0,0,0,0,0,0,2.03029,0,0,0,0,0.04684,0,0,0,0.39093,0,0,0,0.12204,0.71905,0,0,0,0,0,0,0,0,0,0.613,0,0,0,0,0,0,0,0,0,0,0,0,0,0,0.00157,0,0,0.00969,0,0,0,0,0,0,0,0,0,0,0.09417,0,0.23158,0.08416,0,3.36219,0,0,0,0,0,0,0.20291,1.1778,0.41246,0,0,0,0,0,0.19178,0,0.05101,0,0,0,0,0,0,0,0,0,0,0,0.31096,1.17614,0,0,1.58196,8.5465,0,0.82437,0,0.14484,0,7.19264,0,0,0,0,0,0,0,0.02769,0.33796,0,0.11088,0,2.16828,0,0,0,0.01026,0,0,0,0,0.01875,0,0.00727,0,0,0,0,0,0,0,0,0,0,0,0,0,0,0,0,0,0,0,0,0,0,0,0,0,0.32218,0,0,0,0,0,0,0,1.44657,0,0,0,0,0,1.60258,0.20759,0,5.91604,0,0,2.88826,0,0.47864,0.01971,0,0,0,0,0,0,0,0,0,0,0,0,0,0,0,0,0,0,0.15172,0,0,0,0,0,0,0,5.36235,0.563,0.85474,0.30082,0,0,0.03487,0,0,0,0.14322,0.34418,3.31661,0,0,0,0.62375,0,0,1.80123,0.2057,0,0.01203,0,0,0,0,0,0,0,0,0,0,0,0,0,0,0,0,0,0,0
"19-rP",0,0,0,0.11745,0.43441,0.02192,0.01298,0,0,0,3.99124,1.32318,0,0,0,0,0,0.09033,0,0.82269,0,0.05432,0.26062,5.39572,0,0,0,12.21904,0,0,0,0,1.13399,0,0,0,0,0,1.73945,0,0,0.88103,0,0,0,18.11673,0,0,0,0,0,0,0,0,3.3835,0,0,0,0,0.05366,0,0,0,1.0666,0,0,0,0.12058,1.33314,0,0,0,0,0,0,0,0,0,1.75594,0,0,0,0,0,0,0,0,0,0,0,0,0,0,0,0,0,0,0,0,0,0,0,0,0,0,0,0,0,0,0.14296,0.0797,0,2.37151,0,0,0,0,0,0,0.22515,1.64224,0.25784,0,0,0,0,0,0.21015,0,0.0111,0,0,0.18951,0,0,0,0,0,0,0,0,0.31016,0.76918,0,0,0.16098,1.20184,0,0,0,0.024,0,6.33789,0,0,0,0,0,0,0,0.06484,0.14409,0,0.11978,0,5.35328,0,0,0,0,0.00964,0,0,0,0,0,0,0,0,0,0,0,0,0,0,0,0,0,0,0,0,0,0,0,0,0,0,0,0,0,0,0,0.17508,0,0,0,0,0,0,0,1.11104,0,0,0,0,0,3.44062,0.32582,0,4.37329,0,0,4.6426,0,0.12105,0.00202,0,0,0,0,0,0,0,0,0,0,0,0,0,0,0,0,0,0,0.10071,0,0,0,0,0,0,0,4.40038,0.02224,0.17967,0.06202,0,0,0.05399,0,0,0,0.01391,0,4.39449,0,0,0,0.84105,0,0,1.65336,0.12633,0,0,0,0,0,0,0,0,0,0,0,0,0,0,0.00597,0,0,0,0,0,0
"19-tB",0,0,0,0.06235,0.17684,0.33156,0.00558,0.23295,0,0,6.02333,1.34463,0,0,0,0,0,0.09045,0,0.54103,0,0.00596,0.12717,2.14807,0,0,0,6.71548,0,0,0,0,3.94536,0,0,0,0,0,2.29821,0,0,0.77517,0,0,0,16.64802,0,0,0,0,0,0,0,0,1.95906,0,0,0,0,0.01733,0,0,0,0.98214,0,0,0,0.07691,2.11071,0,0,0,0,0,0,0,0,0,0.44869,0,0,0,0,0,0,0,0,0,0,0,0,0,0,0.0456,0,0,0,0,0.03618,0,0,0,0,0,0,0,0,0.02304,0,0.02129,0.17699,0,3.56528,0,0,0.00245,0,0,0,0.14866,0.85131,0.20701,0,0,0,0,0,0.14762,0,0,0,0,0.30544,0,0,0,0,0,0,0,0,0.50502,0.85477,0,0,0.14869,7.41748,0,1.31568,0,0.34978,0,7.34883,0,0.07566,0,0,0,0,0,0.42642,0.19368,0,0.08277,0,4.59489,0,0,0,0.02059,0.0723,0,0,0,0,0,0.0497,0,0,0.03989,0,0,0,0,0,0,0,0,0,0,0,0,0,0,0,0,0,0,0,0,0,0,0.22269,0,0,0,0,0,0,0,0.53646,0,0,0,0,0,0.38307,0.14379,0,1.47732,0,0,3.00446,0,0.23436,0,0,0,0,0,0,0,0,0.01195,0,0,0,0,0,0,0,0,0,0,0.01819,0,0,0,0,0,0,0,9.64127,0.13031,0.75712,0.17874,0,0,0.06689,0,0,0.02848,0,2.5493,2.86008,0,0,0,0.66814,0,0,0.58794,0.39595,0,0.00851,0,0,0,0,0,0,0,0.00098,0,0,0,0,0,0,0,0,0,0,0
"19-tP",0,0,0,0.04703,0.20114,0.4795,0.03631,0.04344,0,0,4.38616,1.34591,0,0,0,0,0,0.05295,0,0.49164,0,0,0.11174,3.5036,0,0,0,15.39214,0,0,0,0,0.80799,0,0,0,0,0,2.5408,0,0,0.55809,0,0,0,17.65866,0,0,0,0,0,0,0,0,0.64552,0,0,0,0,0.02002,0,0,0,0.62067,0,0,0,0.15881,2.30943,0,0,0,0,0,0,0,0,0,0.65971,0,0,0,0,0,0,0,0,0,0,0,0,0,0,0.08719,0,0,0,0,0.00281,0,0,0,0,0,0,0,0,0,0,0.17366,0.15108,0,2.4072,0,0,0,0,0,0,0.22215,1.57327,0.6899,0,0,0,0,0,0.22227,0,0.01771,0,0,0,0,0,0,0,0,0,0,0,0.5674,0.71516,0,0,0.18647,2.97712,0,0,0,0.21006,0,5.55627,0,0,0,0,0,0,0,0.12958,0.10849,0,0.00336,0,4.77149,0,0,0,0,0.02644,0,0,0,0,0,0,0,0,0.01541,0,0,0,0,0,0,0,0,0,0,0,0,0,0,0,0,0,0,0,0,0,0,0.27053,0,0,0,0,0,0,0,0.83143,0,0,0,0,0,0.6005,0.12608,0,2.80198,0,0,3.78679,0,0.26677,0,0,0,0,0,0,0,0,0,0,0,0,0,0,0,0,0,0,0,0.06283,0,0,0.16334,0,0,0,0,8.86722,0.07935,0.37891,0.20178,0,0,0.00209,0,0,0,0.05914,0.17079,4.75087,0,0,0,1.0195,0,0,2.42994,0.23485,0,0.0052,0,0,0,0,0,0,0,0,0,0,0,0.00436,0,0,0,0,0,0,0
"21-rB",0,0,0.00636,0.25488,0.06557,0,1.50673,0,0,0,0,0.13266,0,0,0,0,0,0,0,0.85132,0.07427,0,0.34178,0,0.75255,0,0,0.14008,0,0,0,0,0,0,11.0464,1.97664,0,0,5.96065,0,0,2.63314,0,0,2.96139,3.45641,17.04394,0.53348,0,0,0,0.16505,0,0.04027,0.76721,0,0,0,0,0,0,0,0.01265,0,0.00242,0.03501,0,5.18028,0,0,0,0,0,0,0,0,0,0,0,0,0,0,0,0,0,0,0,0,0,0.02767,0,0.05012,0.18598,0,0,0,0,0.11142,0,0,0,0,0,0,0,0,0,0,0,0,0,0.16974,0,0,0,0,0,0,0,0,0,0,0,0,0,0,0,0,0,1.61716,0.04477,0,0.00499,0,0,0,0,0.06815,0,0,0,0,0,0,0,0,1.43771,0,0,0,0,0,12.68093,0,0,0,0,0,0,0,0.56694,0,0,0.71459,0,4.45666,0,0,0,0,0.0119,0.02933,0.00832,0,0,0,0,0.01843,0,0.00498,0,0,0,0,0,0,0,0,0.2635,0,0,0,0,0,0,0,0,0,0,0,0,0,0.14265,0,0,0,0,0,0,0,0,0,0,0,0,1.4232,2.35865,0,0,2.57456,0,0,0.28503,0,0,0,0,0,0,0,0,0,0,0,0,0,0,0,0,0,0,0,0,0,0,0,0,0,0,0,0,0,0,1.83581,3.04444,0.92769,0,0,0,0,0,0.18218,0.12913,0,0,0,0,0.45168,0,0,0,5.50036,0.82321,0,0,0,0,0,0,0,0,0.5661,0.79555,0,0.11951,0,0,0,0,0.37694,0.04054,0.00834,0,0
"21-rP",0,0,0,0.04356,0.29544,0,0.56266,0,0,0,0,0.05536,0,0,0,0,0,0,0,0.49064,0.03876,0,0.07719,0,0.8696,0,0,0.15262,0,0,0,0,0,0,7.26692,1.83402,0,0,3.28255,0,0,3.30909,0,0,2.38074,2.33759,15.32213,0.57441,0,0,0,0,0,0,0.90065,0,0,0,0,0,0,0,0.10119,0,0.02644,0.02884,0,15.51843,0,0,0,0,0,0,0,0,0,0,0,0,0,0,0,0,0,0,0,0,0,0.01559,0,0,0.08018,0,0,0,0,0.01473,0,0,0,0,0,0,0,0,0,0,0,0,0,0.11345,0,0,0,0,0,0,0,0,0,0,0,0,0,0,0,0,0,0.84161,0.13174,0,0,0,0,0,0,0.22978,0,0,0,0,0,0,0,0,0.22023,0,0,0,0,0,8.93566,0,0,0,0,0,0,0,0.09462,0,0,0.3379,0,7.20834,0,0,0,0,0.00375,0,0.06229,0,0,0,0,0,0,0,0,0,0,0,0,0,0,0,0.10611,0,0,0,0,0,0,0,0,0,0,0,0,0,0.03032,0,0,0,0,0,0,0,0,0,0,0,0,1.18636,1.85019,0,0,2.04044,0,0,0.26654,0,0,0,0,0,0,0,0,0,0,0,0,0,0,0,0,0,0,0,0,0,0,0,0,0,0,0,0,0,0,1.20903,4.40117,2.17409,0,0,0,0,0,0.16748,0,0,0,0,0,0.59461,0,0,0,9.14341,0.0759,0,0,0,0,0,0,0,0,0.54803,1.52925,0,0.13612,0,0,0,0,0.59358,0.07742,0.04005,0.07123,0
"21-tB",0,0,0,0.06614,0.18741,0,1.10919,0,0,0,0,0.12316,0,0,0,0,0,0,0,0.19978,0.0822,0,0.08786,0,1.12824,0,0,1.35251,0,0,0,0,0,0,10.14427,1.95578,0,0,6.38569,0,0,4.93344,0,0,4.27158,2.80689,16.47207,0.82271,0,0,0.01544,0,0,0,0.20113,0,0,0,0,0,0,0,0.07793,0,0.01127,0.22918,0,7.70721,0,0,0,0,0,0,0,0,0,0,0,0,0,0,0,0,0,0,0,0.00594,0,0.0708,0,0.03621,0.12498,0,0,0,0,0.20314,0,0,0,0,0,0.01556,0,0,0,0,0,0,0,0.17173,0,0,0,0,0,0,0,0,0,0,0,0,0,0,0,0,0,0.95072,0.23378,0,0,0,0,0,0,0.20685,0,0,0,0,0,0,0,0,0.61575,0,0,0,0,0,8.72552,0,0,0,0,0,0,0,0.3945,0,0,0.59085,0,3.31829,0,0,0,0,0.04704,0,0.00439,0,0,0,0,0.00805,0,0.04557,0,0,0,0,0,0,0,0,0.85315,0,0,0,0,0,0,0,0,0,0,0.05788,0,0,0.10655,0,0,0,0,0,0,0,0,0,0,0,0,2.10124,4.5508,0,0,3.22555,0,0,0.31644,0,0,0,0,0,0,0,0,0,0,0,0,0,0,0,0,0,0,0,0,0,0,0,0,0,0,0,0,0,0,0.67957,1.67798,1.55307,0,0,0,0,0,0.22997,0.06021,0,0,0,0,1.13085,0,0,0,5.53175,0.2668,0,0,0,0,0,0,0,0,0.4503,0.71911,0,0.05435,0,0,0,0,0.27089,0,0,0.02276,0
"21-tP",0,0,0,0.04783,0.45303,0,1.15021,0,0,0,0,0.1254,0,0,0,0,0,0,0,0.97242,0.05463,0,0.08921,0,2.04701,0,0,0.35231,0,0,0,0,0,0,3.56249,2.0598,0,0,4.78406,0,0,3.38613,0,0,4.12789,5.16118,14.50574,0.8817,0,0,0,0,0,0,0.55373,0,0,0,0,0,0,0,0.07365,0,0.01389,0.07208,0,12.17892,0,0,0,0,0,0,0,0,0,0,0,0,0,0,0,0,0,0,0,0,0,0.03933,0,0,0.17266,0,0,0,0,0.02714,0,0,0,0,0,0,0,0,0,0,0,0,0,0.11224,0,0,0,0,0,0,0,0,0,0,0,0,0,0,0,0,0,0.70849,0.17234,0,0,0,0,0,0,0.45504,0,0,0,0,0,0,0,0,0.38721,0,0,0,0,0,9.84667,0,0,0,0,0,0,0,0.17225,0,0,0.36397,0,5.15067,0,0,0,0,0.02252,0.02976,0,0,0,0,0,0,0,0,0,0,0,0,0,0,0,0,0.31677,0,0,0,0,0,0,0,0,0,0,0,0,0,0.17469,0,0,0,0,0,0,0,0,0,0,0,0,1.49401,1.98022,0,0,2.13568,0,0,0.47993,0,0,0,0,0,0,0,0,0,0,0,0,0,0,0,0,0,0,0,0,0,0,0,0,0,0,0,0,0,0,1.02866,3.32187,1.73846,0,0,0,0,0,0.2321,0.03044,0,0,0,0,0.9967,0,0,0,8.68262,0.16821,0,0,0,0,0,0,0,0,0.38032,1.21993,0.02179,0.20012,0,0,0,0,0.6042,0.26095,0,0.21868,0
"24-rB",0,0,0,0.10496,0.13883,0,0.43599,0.2047,0,0,12.91249,0.70663,0,0,0,0,0,0.00967,0,0.6414,0,0,0.06105,4.75021,0.12951,0.15408,0,3.18564,0,0,0,0.28498,0.53204,0.11296,3.35585,0,0,0,1.669,0,0,1.48379,0.77543,0,0.05857,6.20246,1.83064,0.0211,5.34847,0,0,0,0,0,0.67966,0,0,0,0,0,0,0,0,2.51894,0,0,0,0,0,0,0,0.18357,0,0,0,0,1.30293,0,0,0,0,0,0,0,1.17324,0,0,0,0,0,0,0.2592,0,0,0,0,0,0.01336,0.06346,0,0,0,0,0,0,0,0.06162,0,0,0.27302,0,0,0.8421,0,0,0,0,0,0.28644,0,0.21827,0.09432,0,0.80202,0,0,0,0,0,0,0,0,0.01176,0,0,0,0,0,0.99825,0,0,2.9203,0,0,0,0.169,3.20201,0,0,0,0.09736,0,8.85432,0,1.99217,0,0,0,0,0,0,0.28331,0.04532,0,0,1.0276,0,0,0,0.00644,0,0,0,0,0,0,0,0.01311,0,0.01957,0,0,0,0,0,0,0,0,0.65507,0,0,0,0,0,0,0,0,0,0,0,0,0,0.07151,0,0,0,0,0,0,0,2.41432,0,0,0,0,1.737,0.1376,0.04329,0,3.79139,2.79217,0,0.38914,0,0,0.83653,0,0,0,0,0.60058,0,0,0,0,0,0,0,0.71821,0,0,0,0,0,0.00267,0,0,0,0,0,0,0,0.06934,2.1125,0,0.03749,0,0,0,0,0,0,0.95052,0,6.74281,0,0,0,1.53149,0,0,0.38384,0.19333,0.26613,0,0,0,0,0,0,0,0,0,0,0,0,0,0,0,0,0,0,0,0
"24-rP",0,0,0,0.09837,0,0,0.23871,0.11067,0,0,3.50637,0.57913,0,0,0,0,0.33667,0.17592,0,0.43734,0,0,0.09584,1.04976,0.22455,0.19694,0,6.09013,0,0.08424,0,0.29488,0,0.34113,0.83649,0,0,0,1.1766,0,0,1.918,1.71805,0,0.19659,10.74729,0.47957,0.04543,2.2841,0,0,0,0,0,0,0,0,0,0,0,0,0,0,0.01765,0,0,0,0.13214,0,0,0,0.11188,0,0,0,0,1.3046,0,0,0,0,0,0,0,0.47679,0,0,0,0,0,0,0,0,0,0,0,0,0,0.02029,0,0,0,0,0,0,0,0.03052,0,0,0.01559,0,0,0.08566,0,0,0,0,0,0.14894,0,0.36946,0,0,0.31591,0,0,0,0,0,0,0,0,0,0,0,0,0,0,0,0,0,2.39294,0,0,0,0,10.0304,0,0,0,0.06276,0,17.4533,0,7.4268,0,0,0,0,0,0,0.12101,0.00617,0,0.01278,0.59437,0,0,0,0,0,0,0,0,0.00839,0,0.00957,0,0,0,0,0,0,0,0,0,0,0,2.06729,0,0,0,0,0,0,0,0,0,0,0.06654,0,0,0.10902,0,0,0,0,0,0,0,1.08494,0,0,0,0,1.12248,0.408,0.03037,0,4.49291,0.47602,0,0.33394,0,0,0.70879,0,0,0,0,0.8023,0,0,0,0,0,0,0,5.72995,0,0,0,0,0,0.01327,0,0,0,0,0,0,0,0.68069,0.20693,0,0.11189,0,0,0,0,0,0.00248,0.2833,0,6.00584,0,0,0,0.21334,0,0,0.44214,0.09521,0.10167,0,0,0,0,0,0,0,0,0,0,0,0,0,0,0,0,0,0,0,0
"24-tB",0,0,0,0.00599,0,0,0,0.27393,0,0,3.81839,0.18029,0,0,0,0,0,0.04306,0,0.14321,0,0,0,7.70486,0.2819,0,0,5.53008,0,0,0,0.14881,0.58278,0.13293,3.17834,0,0,0,0.39981,0,0,0.64718,1.6685,0,0.099,4.63853,0.73223,0.01669,2.05584,0,0,0,0,0,0.19282,0,0,0,0,0,0,0,0,1.27327,0,0,0,0,0,0,0,0.00378,0,0,0,0,2.35591,0,0,0,0,0,0,0,3.24464,0,0,0,0,0,0,0,0,0,0,0,0,0,0,0,0,0,0,0,0,0,0,0,0,0.21669,0,0,0.63148,0,0,0,0,0,0,0,0,0,0,0.32238,0,0,0,0,0.01201,0,0,0,0,0,0,0,0,0,0.17172,0,0,18.24509,0,0,0,0,1.49225,0,0,0,0,0,9.78721,0,3.83752,0,0,0,0,0,0,0.66562,0,0,0,0.25356,0,0,0,0,0,0,0,0,0,0,0,0,0,0,0,0,0,0,0,0,0,0,1.96684,0,0,0,0,0,0,0,0,0,0,0,0,0,0,0,0,0,0,0,0,0,2.55664,0,0,0,0,0.63285,0,0.06856,0,2.6166,5.1626,0,0.3589,0,0,0.70589,0,0,0,0,0.46254,0,0,0,0,0,0,0,0.86525,0,0,0,0,0,0,0,0,0,0,0,0,0,0,0,0,0,0,0,0,0,0,0,1.26594,0,5.41843,0,0,0,1.66372,0,0,0.02748,1.1291,0.11035,0,0,0,0,0,0,0,0,0,0,0,0,0,0,0,0,0,0,0,0
"24-tP",0,0,0,0,0,0,0.61463,0.0822,0,0,4.2743,0.69954,0,0,0,0,0.17896,0.15961,0,0.47194,0,0,0.01479,0.57639,0.07689,0.16655,0,3.29711,0,0,0,0.71202,0,0.68361,1.08272,0,0,0,0.70063,0,0,1.29426,0.69891,0,0.14821,5.87641,0.7042,0.0226,3.63738,0,0,0,0,0,0,0,0,0,0,0,0,0,0,0,0,0,0,0.1951,0,0,0,0.12674,0,0,0,0,1.16679,0,0,0,0,0,0,0,0.85886,0,0,0,0,0,0,0,0,0,0,0,0,0,0,0,0,0,0,0,0,0,0.3829,0,0,0,0,0,0.65734,0,0,0,0,0,0,0,0.41086,0,0,0.15984,0,0,0,0,0,0,0,0,0,0,0,0,0,0,0,0,0,1.5666,0,0,0,0.18512,7.545,0,0,0,0.16597,0,6.96823,0,7.62845,0,0,0,0,0,0,0.13066,0,0,0,0.84991,0,0,0,0,0,0,0,0,0,0.02131,0,0,0,0,0,0,0,0,0,0,0,0,2.81847,0,0,0,0,0,0,0,0,0,0,0,0,0,0.08465,0,0,0,0,0,0,0,1.46401,0,0,0,0,1.13585,1.13104,0,0,2.7199,0.47062,0,0.01895,0,0,0.69084,0,0,0,0,0.69122,0,0,0,0,0,0,0,25.84838,0,0,0,0,0,0,0,0,0,0,0,0,0,2.84684,2.07811,0,0.07648,0,0,0,0,0,0,0.32658,0,1.74871,0,0,0,0.18589,0,0,0.41189,0.02339,0.03462,0,0,0,0,0,0,0,0,0,0,0,0,0,0,0,0,0,0,0,0
"3-rB",0,0,0,0.01089,0.14148,0,22.47089,0,0,0,0.39984,0,0,0,0,0,0,0,0,0,0,0.0924,0.06625,1.39677,0,0,0,0,0,0.45317,0,0.01871,0,0,0,0.16603,0,0,0.35628,0,0,0,0,17.53292,0,12.12029,6.37844,0.04072,0.41948,0,0,0,0,0,0.34728,6.76375,0,0,0,0.29537,0,0,0.41629,0.12363,0,0.09328,0,0,0,0,0,0,0.13062,0,0,0,0,0,0,0.0588,0,0,0,0,0.21886,0.00798,0,0,0.28421,0.08462,0.0752,0,0,0,0.19049,0,0,0,0.03645,0,0,0,0,0,0,0,0,0.15519,0,0.58683,0,0.07218,0,0.19848,0,0.72873,0,0,0,0,1.11884,0,1.04248,0,0,0,0,0,0.08961,0,0.53089,0,0.58337,0,0,0,0,0.02221,0,0,0,0,0.183,0,0,2.82775,0,0,0,0,0,0.07569,0,0.01498,0,0,0,0,0,0,3.70578,0,0,3.16158,0,0.55369,0,0,0,0,0.09854,0,0,0,0,0.24749,0.12525,0,0,0.14737,0,0,0,0,0,0,0,0,1.31043,0,0,0,0,0,0,0,0,0,0,0,0,0,0,0,0,0,0,0,0,0,0,0,0,0,0,0.25092,2.47789,0,0,0.95469,0.53441,0,0.35249,0,0,0,0,0,0,0.96732,0,0,0,0,0,0,0,0,0,0,0,0,0,0,0,0,0,0,0.5563,0,0,0,0,0,0.01679,0.00119,0,0,0,0,0,0.1223,0,0,2.63261,0,0,0,0,0,0,0,0.78617,0,0,0,0,0,0,0,0.00928,0.15285,0.89454,0.02903,0.48946,0,0,0,0,0,0,0,0,0
"3-rP",0,0,0,0,0.08611,0,29.84479,0,0,0,2.7655,0.00098,0,0,0,0,0,0,0,0,0,0.75064,0,4.67556,0,0,0,0,0,0.64143,0,0.02027,0,0,0,1.10721,0,0,0.7787,0,0,0,0,17.5368,0,15.6029,4.14898,0.01788,1.17203,0,0,0,0,0,0.05372,0.62447,0,0,0,0.3545,0,0.07821,0.21913,0.44737,0,0.23586,0,0,0,0,0,0,0.63603,0,0,0,0,0,0,0,0,0,0,0,0.01406,0,0,0,0.43295,0.21613,0.25952,0.023,0,0,0.23081,0,0.06496,0,0.05262,0,0,0,0,0,0,0,0,0.12315,0,0.31008,0,0.02997,0,0.12398,0,0.4237,0,0,0,0,0.32852,0,1.07458,0,0,0,0,0,0,0,0.63543,0,0.15093,0,0,0,0,0.14386,0,0,0,0,0.32088,0,0,0.07055,0,0,0,0,0,0,0,0,0,0,0,0.11137,0,0,1.24657,0,0,2.50889,0,0.88982,0,0,0,0,0.04925,0,0,0,0,0.15019,0.06892,0,0,0,0,0.29561,0.02382,0.02194,0,0,0,0,0,0,0,0,0,0,0,0,0,0,0,0,0,0,0,0,0,0,0,0,0,0,0,0,0,0,0,0.57343,0,0,0,1.0572,0.92445,0,0.82445,0,0,0,0,0,0,1.63506,0,0,0,0,0,0,0,0,0,0,0,0,0,0,0,0,0,0,0,0,0,0,0,0,0,0.32297,0,0,0,0,0,0.03772,0,0,1.07685,0,0,0.01084,0,0,0,0,0.64205,0,0,0,0,0,0,0,0,0.04293,0.4201,0.08697,0.14987,0,0,0,0,0,0,0,0,0
"3-tB",0,0,0,0,0,0,31.58933,0,0,0,1.30995,0.03922,0,0,0,0,0,0,0,0,0,0.3588,0,3.60961,0.02264,0,0,0,0,0.66101,0,0,0,0,0,0.49844,0,0,0.20254,0,0,0,0,10.50513,0,20.05026,3.6634,0.04086,0.6213,0,0,0.01463,0,0,0.42617,3.6034,0,0,0,0.09797,0,0,0.14899,1.33356,0,0.00562,0,0,0,0,0,0,0.32604,0,0,0,0,0,0,0,0,0,0,0,0.60128,0,0,0,0.15716,0.10968,0.02928,0.0208,0,0,0.01109,0,0,0,0.07125,0,0,0,0,0,0,0,0,0.02584,0,0,0,0.02985,0,0.06524,0,0.31341,0,0,0,0,0.01069,0,0.5607,0,0,0,0,0.00136,0.05685,0,0.13126,0,0.26879,0,0,0,0,0,0.08165,0,0,0,0.01863,0.03531,0,0.79587,0.04859,0.00575,0,0,0.02754,0.00366,0,0,0,0,0,0,0,0,0.84732,0,0,0.81651,0,0.31483,0,0,0,0,0.01683,0,0,0,0,0.1591,0.03998,0,0.05557,0.17058,0,0,0,0,0,0,0,0,0.15279,0.02199,0,0,0,0,0,0,0,0,0,0.02655,0,0,0,0.40645,0,0,0,0,0,0,0,0,0,0,0,0.6748,1.14438,0,0,0.20737,3.34096,0,0.70636,0,0,0,0,0,0,0.348,0,0,0,0,0,0,0,0,0,0,0,0,0,0,0,0,0,0,1.27152,0.00663,0,0,0.3933,0,0.01785,0.06029,0,0,0,0,0,0.05466,0,0,2.59125,0,0,0,0,0,0,0,2.17064,0,0,0,0,0,0,0,0,0.02121,0.48934,0.10169,0.76088,0,0,0,0,0,0,0,0,0
"5-rB",0,0,0,0,0,0,0,0,0,0,0.08947,0,0,0,0,0,0,0,0.23068,6.23309,0,0,0,0.04286,0,0,0,0.0048,0,0,0,0,0,0,0.01975,0,0,0,0,0,0,0,0,0,0,0.04324,0.0308,0,0,0,0,0,8.72913,0,0,0,0,0,0,0,0.27866,0.21029,3.77944,0,1.25945,4.94267,0,31.17982,0,0,0,0,0,0,0,0,0,0.18545,0,0,0,0,0,0,0,0,0.19817,0,0,0,0,0,0.00846,0,0,0,0.44308,0,0.14102,0,0,0,0.02064,1.01199,0,0,0,0.05242,0,0,0.18908,0,0,15.19901,0,0.08619,0,0,0,0,0,0,0,0,0,0,0,0,7.20915,0.00545,1.72008,0.0056,0.06738,0,0,0,0,0.45065,0,0,0,0,2.01699,0,0,0,0.00784,0,0,0,0,0,0.13955,0,0,0,0,0,0,0.94467,0,0,0,0,0,0.43228,0,0,0,0,1.09044,0,0,0,0,0,0,0,0.01425,0,0,0,0,0,0,0,0,0,0.0471,0,0,0,0,0,0,0,0,0,0,0.03158,0.0123,0,0,0,0,0.00257,0,0,0,0,0,0,0,0,0.43393,0,0,0,0,0.0027,0,0,0,0,0,0,0,0,0,0,0,0,0,0,0,0,0,0,0,0,0,0,0,0,0,0,0,0,0,0,0,0,0.73568,0,0.13219,0,0,0,0,0,0,0,0,0,1.05047,0,0,0.31968,0,0.00615,0,0,0.28757,0,7.08422,0,0,0,0,0,0,0.11873,0.6972,0.32397,0,0,0,0,0,0,0,0,0,0
"5-tB",0,0,0,0,0,0,0,0,0,0,0,0,0,0,0,0,0,0,0,1.82726,0.11268,0,0,3.20127,0.07871,0,0,0,0,0,0,0,0.72467,0,0,0,0,0,0.28829,0,0,0,0,2.08138,1.18605,4.99621,21.57812,3.86782,0,0,0,0,0.19831,0,0,0,0,0,0,0.048,0,0.01776,0.18372,0,0,1.06901,0,7.58436,0,0,0,0,0,0,0,0,0,0.13042,0,0,0,0,0,0,0,0,0,0,0,0,0,0,0.16367,0,0,0,0,0,0.04213,0,0,0,0,0,0,0,0,3.18163,0,1.54083,0,0,0,2.37984,0,0.00513,0,0,0,0,0,0,0,0,0,0,0,0,2.0273,0,0.00621,0,0,0,0,0,0,0.04396,0,0,0,0,0.17832,0,0,0,0,0,0,0,0,0,0,0,0,0,0,0,0,0.02324,0,0,0,1.82276,0,0.81506,0,0,0,0,0.01195,0,0,0,0,0,0,0,0,0,0,0,0,0,0,0,0,0,1.94141,0,0,0,0,0,0,0,0,0,0,0,0,0,0.16171,0,0,0.06986,0.02895,0.38305,0,0,0,0,0,0,0.23716,0,0,0,0,0,0,0,3.66409,0,0,0.03998,0,0,0,0,0,0,0,0,0,0,0,0,0,0,0,0,0,0,0.96733,0,0,0,0,0,0,0,3.493,0,3.22667,0,0,0,0,0,0,0,0,0,21.36165,0,0,0.80371,0,0,0,0,0.65461,0,1.19392,0,0,0,0,0,0,0,0.24739,0.10945,0,0,0,0,0,0,0,0,0,0
"5-tP",0,0,0,0,0,0,0,0,0,0,0,0,0,0,0,0,0,0,0,0,0.07717,0.03278,0,2.64074,2.43658,0,0,0,0,0,0,0,0.83756,0,0,0,0,0,0.16325,0,0,0,0,21.10624,1.4611,19.67544,6.89016,0.91861,0,0,0,0,0,0,0,0,0,0,0,0,0,0,0.13403,0,0.0021,1.23592,0,12.44715,0,0,0,0,0,0,0,0,0,0.65687,0,0,0,0,0,0,0,0,0,0.03263,0,0.04118,0.13638,0,0.62146,0,0,0,0.10484,0.14827,1.25452,0,0,0,0.01344,0.081,0,0,0,0.54702,0,1.14396,0,0.01314,0,2.59727,0,0.00943,0,0,0,0,0,0,0,0,0.07034,0,0,0,1.05532,0,0.3141,0.00248,0,0,0,0,0,0.01765,0,0,0,0,0.45143,0,0,0,0,0,0,0,0,0,0,0,0,0,0,0,0,0.03488,0,0,0,0.89905,0,0.8835,0,0,0,0,0.20809,0,0,0,0,0,0.04033,0,0,0.10181,0,0,0,0,0,0,0,0,0.74893,0,0,0,0,0,0,0,0,0,0,0,0,0,0.14103,0,0,0,0,0,0,0,0,0,0,0,0.24964,0,0,0,0,0,0,0,2.08997,0,0,0.0402,0,0,0,0,0,0,0,0,0,0,0,0,0,0,0,0,0,0,1.70012,0,0,0,0,0,0,0,0.69425,0,1.21296,0,0,0,0,0,0,0,0,0,8.53886,0,0,0.6567,0,0,0,0,1.39416,0,0.90664,0,0,0,0,0,0,0,0.02862,0,0,0,0,0.0587,0,0,0,0,0,0
"52-rB",0,0,0,0,0,3.04031,0,0,0,0,16.93667,0,0,0,0,0,0,0,0,0.5863,0,0.09358,0,0,0,0,0,0,0,0,0,0,1.25285,0,0,0,0,0,0.85903,0,0,0,0,11.4718,2.40053,0,7.55781,0.04145,0,1.59071,0,0,0,0,0.65223,2.33602,0,0.00747,0,0,0,0,0.22417,1.8369,0,0,0,0,0,0,0,0,0,0,0,0,0,0,0,0.01565,0,0,0,0,0,0,0,0,0.21627,0.02185,0,0,0,0,0,0,0,0,0.01621,0,0,0,0,0,0,0,0,0.045,0,0.88768,0.19006,0.02295,0,0.03583,0,1.21132,0.06532,0,0.07419,0.18972,0.25354,0,0,0,0,0,0,0.18054,0.06133,0.14672,0.89962,0,0,0,0,0,0,0,0,0,0,0.53597,0.20045,0,0,0.77826,0,22.06713,0,0,0.02606,0,4.09793,0,0,0,0,0,0,0,2.90537,0.18002,0,0.51064,0,2.40792,0,0,0,0.21882,0.16695,0,0,0,0,0,0.05672,0.09797,0.11695,0.74927,0,0,0,0,0,0,0,0,0.39283,0,0,0,0,0,0,0,0,0,0,0,0,0,0.19537,0,0,0,0,0,0,0,0,0,0,0,0.83458,0.5637,0,0,0,0,0,0,0,0,0,0,0,0,0,0,0,0,0,0,0,0,0,0,0,0,0,0,0,0,0,0,0,0,0.30482,0,1.6691,0,0.1296,0.61211,0.8302,0.22337,0,0,0,0,0,0.1696,0,1.81416,0,0.04606,0,0,0.27306,0,0,0.53624,0.74568,0,0,0,0,0,0,0,0.01395,0,0.05191,0.05563,0,0,0,0,0,0,0,0,0,0
"52-rP",0,0,0,0,0,1.7103,0,0,0,0,18.98602,0,0,0,0,0,0,0,0,0.66624,0,0.08017,0,0,0,0,0,0,0,0,0,0,1.58621,0,0,0,0,0,0.9079,0,0,0,0,2.85972,2.4164,0,6.60304,0.02018,0,0.08285,0.70397,0,0,0,0.42702,2.03524,0,0.00771,0,0,0,0,0.16562,1.8807,0,0.02057,0,0,0,0,0,0,0,0,0,0,0,0,0,0.00633,0,0,0,0,0,0,0,0,0.07083,0.0994,0,0.01721,0,0,0,0,0,0,0,0,0,0,0,0,0,0,0,0.10419,0,1.0684,0.2094,0.02074,0,0.03432,0,1.00015,0.12554,0.05187,0.09508,0.09783,0.3954,0,0,0,0.10401,0,0,0.19095,0.03098,0.28383,0.56131,0,0.01198,0,0,0,0,0.01976,0,0,0,0.34636,0.24906,0,0,0.96735,0,32.26745,0,0,0.06369,0.02702,2.80778,0,0,0,0,0,0,0,2.50188,0.26378,0,0.78975,0,2.06405,0,0,0,0.1862,0.12705,0,0,0,0,0,0.04845,0.01691,0.24454,0.57903,0,0,0,0,0,0,0,0,0.15077,0,0,0,0,0,0,0,0,0,0,0,0,0,0.07696,0,0,0,0,0,0,0,0,0,0,0,2.79668,0.44191,0,0,0,0,0,0,0,0,0,0,0,0,0,0,0,0,0,0,0,0,0,0,0,0,0,0,0.02232,0,0,0,0,0,0.05443,0,0,0,0.15634,0.40108,0.47032,0.16725,0,0,0,0,0,0.14857,0,3.77502,0,0.18457,0,0.01272,0.44682,0,0,0.71572,0.46973,0,0.03373,0,0,0,0,0,0.04678,0,0.06268,0.05583,0,0,0,0,0,0,0,0,0,0
"52-tB",0,0,0,0,0,2.80908,0,0,0,0,15.00545,0,0,0,0,0,0,0,0,0.92149,0,0.02023,0,0,0,0,0,0,0,0,0,0,1.09407,0.02159,0,0,0,0,0.4728,0,0,0,0,14.08449,2.36897,0,5.94645,0,0,0,0,0,0,0,0.15285,1.27258,0,0,0,0,0,0,0.04104,3.48186,0,0.04942,0,0.00703,0,0,0,0,0,0,0,0,0,0,0,0,0,0,0,0,0,0,0,0,0,0,0,0,0,0,0,0,0,0,0,0,0,0,0,0,0,0,0,0,0,0.7532,0.0576,0,0,0.09036,0,1.83956,0,0.00837,0,0.35509,0.3055,0,0,0,0.6462,0,0,0.18656,0.69432,0.01976,0.5726,0,0.0259,0,0,0,0,0,0,0,0,0.57323,0.28885,0,0,2.80168,0,24.47948,0,0,0,0.13269,4.03123,0,0,0,0,0,0,0,4.03808,0.03037,0,0.31787,0,1.57825,0,0,0,0.31032,0.23459,0,0,0,0,0,0.08647,0,0.26777,0.51232,0,0,0,0,0,0,0,0,1.49947,0,0,0,0,0,0,0,0,0,0,0,0,0,0.19596,0,0,0,0,0,0,0,0,0,0,0,0.13367,1.02803,0,0,0,0,0,0,0,0,0,0,0,0,0,0,0,0,0,0,0,0,0,0,0,0,0,0,0,0,0,0,0,0,0.01933,0,0,0,0.05337,0.10991,0.63709,0.31033,0,0,0,0,0,0.25439,0,0.51758,0,0.17827,0,0,0.66183,0,0,1.15641,0.13941,0,0.04455,0,0,0,0,0,0,0,0.07277,0,0,0,0,0,0,0,0,0,0,0
"52-tP",0,0,0,0,0,3.00441,0,0,0,0,16.59662,0,0,0,0,0,0,0,0,0.75892,0,0.05199,0,0,0,0,0,0,0,0,0,0,2.50545,0,0,0,0,0,1.55081,0,0,0,0,3.76484,1.79542,0,5.75031,0.29612,0,1.66308,0,0,0,0,2.19963,4.16236,0,0,0,0,0,0,0.17782,1.33097,0,0,0,0,0,0,0,0,0,0,0,0,0,0,0,0.03895,0,0,0,0,0,0,0,0,0.14488,0.1122,0.02482,0.01491,0,0,0,0,0,0,0,0,0,0,0,0,0,0,0,0.17157,0,0.33759,0.03588,0.04328,0,0.03785,0,0.99665,0.28539,0.02139,0.00997,0.24409,0.14387,0,0,0,0.1395,0,0.07069,0.16815,0.32505,0.02014,0.552,0,0.03508,0,0,0,0,0,0.19109,0,0,0.79638,0.30324,0,0,0.79788,0,23.51478,0,0,0.05008,0,6.33682,0,0,0,0,0,0,0,2.97434,0.19544,0,0.63582,0,3.09679,0,0,0,0.58095,0.10855,0,0,0,0,0,0.06486,0.10025,0.15119,0.40419,0,0,0,0,0,0,0,0,0.39258,0,0,0,0.00635,0,0,0,0,0,0,0.0932,0,0,0.21564,0,0,0,0,0,0,0,0,0,0,0,1.044,0.30699,0,0,0,0,0,0,0,0,0,0,0,0,0,0,0,0.14719,0,0,0,0,0,0,0,0,0,0,0.02988,0,0,0,0,0,0,0,0,0,0.56301,0.48558,0.28366,0.02103,0,0,0,0,0,0.10727,0,2.69672,0,0.02873,0,0,0,0,0,1.42398,0.25017,0,0,0,0,0,0,0,0.05714,0,0.08296,1.87864,0,0,0,0,0,0,0,0,0,0
"54-rB",0,0,0,0,0,0,0,0,0,0,5.40813,0,0,0,0,0,0,0,0,11.22865,0,0,0,0,0,0,0,0,0,11.17285,0,0,0,0,0,0,0,0,1.49079,0,0,0,0,0,2.19826,5.60679,0,0,0,0,0,0,0,0,3.81441,0,0,0,0,0.08342,0,0,0,0.00372,0,0,0,0.27931,0,0,0,0,0,0,0,0,0,0,0,0,0,0.00773,0,0,0,0,0,0,0,0,0,0,0,0,0,0,0.09561,0,0.01337,0,0,0,0,0,0.04945,0,0,0,0,0,0,0,0,0,0,0,0,0.06863,0,0,0.36568,0,0,0,0,0,0,0.28653,0.57625,0,0.36074,0,0.39273,0,0,0,0,0,0.83202,0,0,0,0,0,0,2.42645,8.9533,20.91331,0,0,0,0,0.52797,0,2.108,0,0,0,0,0,0,0,0,0.2124,0,4.56798,0,0,0,0.80607,0.03569,0,0,0,0,0,0,0.81383,0,0.42544,0,0,0,0,0,0,0,0,0,0,0,0,0,0,0,0,0,0,0,0,0,0,0.00307,0,0,0,0,0,0,0,2.04107,0,0,0,1.09232,0,0.19346,0,0,0,0,0,3.38531,0,0,0,0.02023,0,0,0,0,0,0,0,0,0,0,0,0,0,0,0,0,0,0,0,0,0.2558,0.77763,0.01895,0,0,0,0.40342,0,0,0,0,0,0,0,0.02418,0.41464,0,0,0,0,0,1.44093,0,0,3.62157,0.18194,0,0,0,0,0,0,0,0,0,0,0,0,0,0,0,0,0,0,0,0,0
"54-rP",0,0,0,0.01825,0,0,0,0,0,0,5.79467,0,0,0,0,0,0,0,0,13.83042,0,0,0.00239,0,0,0,0,0,0,11.03584,0,0,0,0,0,0,0,0,1.73626,0,0,0,0,0,1.04739,7.52131,0,0,0,0,0,0,0,0,2.42875,0,0,0,0,0.14965,0,0,0,0.06511,0,0,0,0.11944,0,0,0,0,0,0,0,0,0,0,0,0,0,0,0,0,0,0,0,0,0,0,0,0,0,0,0,0,0,0,0.07069,0,0,0,0,0,0.09502,0,0,0,0,0.01405,0,0,0,0,0,0,0,0.00686,0,0,0.34039,0,0,0,0,0,0.00773,0.43554,0.66238,0,0.18717,0,0.00345,0,0,0,0,0,0.12584,0,0,0,0.02738,0,0,4.27039,10.38341,19.15125,0,0,0,0,0.95133,0,1.64431,0,0,0,0,0,0,0,0,0.17776,0,4.83675,0,0,0,0.91914,0.0188,0,0,0,0,0,0,0.04746,0,0.27705,0,0,0,0,0,0,0,0,0.01215,0,0,0,0,0,0,0,0,0,0,0,0,0,0.02236,0,0,0,0,0,0,0,1.33929,0,0,0,0.75414,0,0.84055,0,0,0,0,0,2.66465,0,0,0,0,0,0,0,0,0,0,0,0,0,0,0,0,0,0,0,0,0,0,0,0,0,0.82442,0.01295,0,0,0,0.71455,0.08988,0.03118,0,0,0,0,0,0.05129,0.48848,0.03267,0,0,0,0,1.26274,0,0,2.39528,0.05979,0,0,0,0,0,0,0,0,0,0,0,0,0,0,0,0,0,0,0,0,0
"54-tB",0,0,0,0.00892,0,0,0,0,0,0,3.66573,0,0,0,0,0,0,0,0,11.36057,0,0,0,0,0,0,0,0,0,14.31856,0,0,0,0,0,0,0,0,2.87701,0,0,0,0,0,1.08333,7.19977,0,0,0,0,0,0,0,0,1.11993,0,0,0,0,0.11467,0,0,0,0,0,0,0,1.32081,0,0,0,0,0,0,0,0,0,0,0,0,0,0,0,0,0,0,0,0,0,0,0,0,0,0,0,0,0,0,0,0,0,0,0,0,0.18473,0,0,0,0,0.0233,0,0,0,0,0,0,0,0,0,0,0.23764,0,0,0,0.03705,0,0.00139,0.41909,0.50068,0,0.13644,0,0,0,0,0,0,0,1.28337,0,0,0,0.01377,0,0,5.08781,8.86983,11.6824,0,0,0,0,1.08877,0,1.73106,0,0,0,0,0,0,0.00557,0,0.09143,0,7.58435,0,0,0,2.38522,0.01059,0,0,0,0,0,0,0.08215,0,0.34756,0,0.12248,0,0.4378,0,0,0,0,0.71514,0,0,0,0,0,0,0,0,0,0,0,0,0,0.07712,0,0,0,0,0,0,0,0.93825,0,0,0,0.4199,0,0.18014,0,0,0,0,0,3.60463,0,0,0,0,0,0,0,0,0,0,0,0,0,0,0,0,0,0,0,0,0,0,0,0,0,0.18024,0,0,0,0,2.09651,0.89483,0.02997,0,0,0,0.00114,0,0.00541,0.18973,0.00869,0,0,0,0,1.93304,0,0,3.24679,0.04467,0,0,0,0,0,0,0,0,0,0,0,0,0,0,0,0,0,0,0,0,0
"54-tP",0,0,0,0.0136,0,0,0,0,0,0,4.85017,0,0,0,0,0,0,0,0,8.13643,0,0,0,0,0,0,0,0,0,12.33219,0,0,0,0,0,0,0,0,0.80815,0,0,0,0,0,1.31337,5.5731,0,0,0,0,0,0,0,0,1.75522,0,0,0,0,0.09675,0,0,0,0.01172,0,0,0,0.15672,0,0,0,0,0,0,0,0,0,0,0,0,0,0,0,0,0,0,0,0,0,0,0,0,0,0,0,0,0,0,0.01104,0,0,0,0,0,0.26029,0,0,0,0,0,0,0,0,0,0,0,0,0.10922,0,0,0.48867,0,0,0,0,0,0,0.43552,0.65443,0,0.14032,0,0,0,0,0,0,0,0.42473,0,0,0,0.01733,0,0,4.13509,15.50778,18.27815,0,0,0.01205,0,1.1318,0,1.48058,0,0,0,0,0,0,0,0,0.12992,0,7.26886,0,0,0,1.30359,0.00655,0,0,0,0,0,0,0.16527,0,0.21247,0,0,0,0,0,0,0,0,0.14897,0,0,0,0,0,0,0,0,0,0,0,0,0,0.00907,0,0,0,0,0,0,0,1.32065,0,0,0,2.44728,0,0.24852,0,0,0,0,0,2.37526,0,0,0,0,0,0,0,0,0,0,0,0,0,0,0,0,0,0,0,0,0,0,0,0,0,0.81814,0.02088,0,0,0,0.48629,0.05643,0,0,0,0,0.0022,0,0.0736,0.42832,0,0,0,0,0,1.26247,0.01183,0,3.03049,0.03848,0,0,0,0,0,0,0,0,0,0,0,0,0,0,0,0,0,0,0,0,0
"55-rB",0,0,0,0.07088,0.00573,0,0.17753,0,0,0.02965,0.80614,0,0,0,0,0,0,0,0,0.167,0,0,0.07923,0.71975,1.00893,0.61925,0,0.55289,2.25501,0.15691,0,0.28391,0.33138,0,0,0.23905,0,0,0.31329,0.31502,3.8353,0.04542,0,9.95151,0.30909,5.26779,6.12227,0.07234,1.9759,0.19525,0,0,0.50093,0,0,0,0,0,0,0,0,0.00367,0,0.44665,0,0.00284,0,0.05309,0,0,0,0,0.00234,0,0,0,0,0,0,0,0,0,0,0,0,0,0,0,0,0,0,0,0.02445,0,0,0,0,0,0,0,0,0,0,0,0.47194,0,0,0,0,0.09275,0,0,0.47385,0,0,0,0,0,0.43955,0.17103,0.28333,0.08486,0,0,0,0,0,0.14301,0.08168,0.0127,0,0,0,0,0,0,0,0,0,0,0,0.42375,0.28875,0,0,0.01761,0.70497,0.68187,1.59656,0,0,0,6.48838,0,0.03035,0,0,0,0,0,0,0,0.13136,0.05508,0,1.39054,0,0,0,0.1524,0,0,0,0,0,0,0,0,0,0,0,14.08106,0.86733,12.84502,0,0,0,0,0,0,0,0,0,0,0,0,0,0,0,0,0,0,0.47095,0,0,0,0,0,0,0.69254,0.30369,0,0,0,0,0.95204,0.65315,0,0.07485,0.71323,0,0.2464,1.00927,1.97673,0,0.02104,0,0,0,0.65804,0,0,0,0,0,0,0,0,0,0,0,0,0,0,0.42675,0,0,0,0,0,0,0,0.22308,0.2455,0,0.43122,0,0.54082,0,0,0,0,0,0.01102,0,0,7.88071,0.07525,1.6228,0,0,1.11893,0.01164,0,0,0,0.22584,0,0,0,0,0,0.16152,0.06051,0,0,0,0,0,0,0,0,0,0.24241
"55-rP",0,0,0,0,0.11345,0,0.19147,0.03132,0,0.11211,0,0,0,0,0,0,0,0,0,0.14837,0,0,0.01408,2.03399,0.20867,0.03587,0,1.96615,2.96562,0.25941,0,0.62068,0,0,0,0.54475,0,0,0.02531,0.07241,6.49651,0,0,0.16439,0.2092,4.00224,4.64079,0.11991,4.10968,0.65932,0,0,0,0,0,0,0,0,0,0,0,0,0,0.72502,0,0,0,0.12827,0,0,0,0,0.02168,0,0,0,0.08418,0,0,0,0,0,0,0,0,0,0,0,0,0,0,0,0,0,0,0,0,0,0,0,0,0,0,0,0.25411,0,0,0,0,0,0,0,0.59112,0,0,0,0,0.07921,0.0954,0.2459,0.20306,0,0,0,0,0,0,0.12045,0.16028,0,0,0,0,0,0,0,0,0,0.21336,0,0,0.37973,0.37464,0,0.03133,0,0.27598,1.88868,1.14254,0,0.00704,0.04203,7.4052,0,0.07896,0,0,0,0,0,0,0,0.11261,0,0,1.69771,0,0,0,0.05639,0,0,0,0,0,0,0,0,0,0,0,17.23041,1.67385,18.40358,0,0,0,0,0,0,0,0,0,0,0,0,0,0,0,0,0,0,0.19856,0,0,0,0,0,0,0,0.60081,0,0,0,0,1.35549,0.86608,0,0.05631,0.17517,0,0.39123,1.32478,3.3334,0,0,0,0,0,0.96553,0,0,0,0,0,0,0,0,0,0,0,0,0,0,0.30932,0,0,0,0,0,0,0,0.42046,0.42034,0.1194,0.69337,0,0.01292,0,0,0,0,0,0.04049,0,0,2.90425,0,1.31826,0,0,0.51206,0.02028,0,0,0,0,0,0,0,0,0,0.07449,0,0,0,0,0,0,0,0,0,0,0.41855
"55-tB",0,0,0,0,0.04262,0,0.06861,0.00784,0,0.0261,0,0,0,0,0,0,0,0,0,0.14799,0,0,0.01202,0.90247,0.54625,0.26111,0,2.25539,1.75687,0.54655,0,0.74742,0,0,0,0.0995,0,0,0,0.20722,6.53715,0,0,0.22599,0.01925,4.34563,5.521,0.04955,2.93854,0.32047,0,0,0,0,0.05317,0,0,0,0,0,0,0,0,0.91675,0,0,0,0.00885,0,0,0,0,0,0,0,0,0.0024,0,0,0,0,0,0,0,0,0,0,0,0,0,0,0,0,0.02159,0,0,0,0,0,0,0,0,0,0,0.40547,0,0,0,0,0.11387,0,0,0.68284,0,0,0,0,0,0.32174,0.27629,0.42763,0,0,0,0,0,0,0.20453,0.3632,0,0,0,0,0,0,0,0,0,0,0,0,0.45802,0.47013,0,0.02541,0.03732,0.52263,0.4023,0.5235,0,0.00641,0.04081,3.01397,0,0.0301,0,0.03728,0,0,0,0,0,0.05902,0,0,1.66074,0,0,0,0.07176,0,0,0,0,0,0,0,0,0,0,0,18.21671,1.84298,21.34024,0,0,0,0,0,0,0,0,0,0,0,0,0,0,0,0,0,0,0.47181,0,0,0,0,0,0,0,0.16749,0,0,0,0,0.9737,0.70881,0,0.0736,0.09618,0,0.28681,1.05521,1.9593,0,0.01473,0,0,0,0.52061,0,0,0,0,0,0,0,0,0,0,0,0,0,0,0.53027,0,0,0,0,0,0,0,0,0.7407,0.09569,2.78946,0.00245,0.84477,0.00216,0,0,0,0,0.1041,0,0.01729,5.3865,0,1.86565,0,0,0.35108,0.04808,0,0,0,0,0,0,0,0,0,0.04407,0.37591,0,0,0,0,0,0,0,0,0,0.33033
"55-tP",0,0,0,0.00745,0.03741,0,0.15742,0.03703,0,0.06018,0,0,0,0,0,0,0,0,0,0.1281,0,0,0.03158,1.06986,0.21639,0.1163,0,0.98431,1.88939,0.34145,0.08984,0.48868,0,0,0,0.2135,0.05853,0,0,0.2599,3.67224,0,0,0.21238,0,4.06583,5.5307,0.1237,2.04062,0.48562,0.00409,0,0,0,0.04977,0,0,0,0,0,0,0,0,0.45551,0,0,0,0.05041,0,0,0,0,0.02312,0,0,0,0.1902,0,0,0,0,0,0,0,0,0,0,0,0,0,0,0,0,0.01432,0,0,0,0,0,0,0,0,0,0,0.34267,0,0.04486,0,0,0.03159,0.01262,0,0.782,0,0,0,0,0,0.09729,0.31623,0.40174,0.02023,0,0,0,0,0,0.22828,0.19617,0,0,0,0,0,0,0,0,0,0,0,0,0.52391,0.36906,0,0,0,1.17663,1.59184,1.48259,0,0.04181,0.06686,8.37564,0,0.53809,0,0,0,0,0,0.0128,0,0.14604,0,0,1.89329,0,0,0,0.08863,0,0,0,0.80518,0,0,0,0,0,0,0,19.81211,1.68725,20.37301,0,0,0,0,0,0,0,0,0,0,0,0,0,0,0,0.01033,0,0,0.29526,0,0,0,0,0,0,0,0.24538,0,0,0,0,0.84759,1.28031,0,0.13105,0.19812,0,0.10415,0.61136,2.16343,0,0.01402,0,0,0,0.64707,0,0,0,0,0,0,0,0,0,0,0,0,0,0,0.29922,0,0,0,0,0,0,0,0,0.28154,0.08883,0.38816,0,0.55958,0,0,0,0,0,0,0,0,4.35241,0,1.62029,0,0,0.34567,0.0677,0,0,0,0,0,0,0,0,0,0.05117,0.18961,0,0,0,0,0,0,0,0,0,0.6435
"57-rB",0,0,0,0.01825,0.40527,0,4.64532,0.44897,0,0,5.24772,0.29255,0,0,0,0,0,0.01065,0,0.1808,0.00229,0.40063,0.02117,2.20973,10.34053,0,0,1.08339,0,0,0,0.06306,0,0,0,0,0,0,0.93419,0,0,0,0,0.13138,0.95245,11.83215,7.42324,1.54064,0,0,0.07377,0,0,0,0.23068,0,0,0,0,0,0,0,0,0,0.00687,0.67005,0,7.2367,0,0.00331,0,0.10075,0.20867,0,0,0,0,0,0,0,0,0,0,0,0,0.00832,0,0.04328,0.10738,0.04428,0,0,0.42006,0,0,0,0.20596,0.01964,0.16349,0,0,0,0.09183,0.00708,0,0,0,0,0,0,0,0.57182,3.50903,0,0,0,0,0.0128,0.37756,0,0,0,0,0,0,0,0,0,0,0.61299,0.34523,0.01607,0.37267,0,0,0,0,0.03479,0.84461,0,0,0,1.69348,0.00747,0,0,0,8.5583,0,0,0,0,0,0,0,0,0,0,0,0,0.2208,0.25245,0,0.66952,0,0,0,0,0,0,0.03675,0,0,0,0.18699,0,0,0.10118,0,0,0.07568,0,0,0,0,0,0,0,0.45852,0,0,0,0,0,0,0,0,0,0,0,0,0,0.74952,0,0,0,0,0,0,0,1.06985,0,0,0,0,0.4703,0,1.16081,0.08493,1.53563,0,0,1.92396,0,0,0,0,0,0,0.9031,0,0,0,0,0,0,0,0,0,0,0,0,0,0,0.14622,0,0,0,0,0,0,0,6.84281,2.19284,0.05382,0.20266,0,0,0,0,0,0,0,1.052,3.26922,0,0,0.04612,0,0,0,0,0.82703,0,0.03219,0,0,0,0,0,0,0,0.06932,0.52947,0.04012,0,0,0.01289,0,0,0,0,0,0
"57-rP",0,0,0,0.07434,1.00297,0,0.87483,0.4474,0,0,7.62977,0.32277,0,0,0,0,0,0,0,0.09676,0,0.22847,0.04473,5.39267,6.48629,0,0,2.51413,0,0,0,0,0,0,0,0,0,0,0.57327,0,0,0,0,0.38654,3.20023,6.97031,5.91155,0.35722,0,0,0.14782,0.17325,0,0,0.50901,0,0,0,0,0,0,0,0,0,0,1.09587,0,1.81224,0,0,0,0.13907,0.10107,0,0,0,0,0,0,0,0,0,0,0,0,0,0,0.05307,0.06847,0.03329,0,0,0.66398,0,0,0,0.25957,0,0.15344,0,0,0,0.04373,0,0,0,0,0,0,0,0,0.76207,2.35942,0,0,0,0,0.1229,0.83274,0,0,0,0,0,0,0,0,0,0,0.72446,0.43485,0.27508,1.20255,0,0,0,0,0,0,0,0,0,0.40371,0,0,0,0,0.05868,0,0,0,0,0,0,0,0,0,0,0,0,0.57589,0.98643,0,0.63695,0,0,0,0,0,0,0.00516,0,0,0,0.0295,0,0,0.52761,0,0.08145,0,0,0,0,0,0,0,0,0.84696,0,0,0,0,0,0,0,0,0,0,0,0,0,0.38303,0,0,0,0,0,0,0,6.46496,0,0,0,1.32998,0.69744,0,2.26358,0.17438,2.42847,0,0,1.83568,0,0,0,0,0,0,0.99652,0,0,0,0,0,0,0,0,0,0,0,0,0,0,0.08901,0,0,0,0,0,0,0,6.35953,2.45531,0.30145,2.29641,0,0,0,0,0,0,0,2.23811,4.9737,0,0,2.39077,0,0,0,0,2.8021,0,0,0,0,0,0,0,0,0.07518,0.11201,0.21973,0.47812,0,0,0,0,0,0,0,0,0
"57-tB",0,0,0,0.01187,0.45295,0,1.15738,0.12292,0,0,5.98783,0.17708,0,0,0,0,0,0,0,0.72987,0.09883,0.19787,0.01625,1.27985,8.81454,0,0,1.48113,0,0,0,0.05573,0,0,0,0,0,0,0.81051,0,0,0,0,0.24077,0.42228,11.27151,13.40914,2.38566,0,0,0.0119,0.26258,0,0,0.45182,0,0,0,0,0,0,0,0.00251,0,0,0.38391,0,6.70855,0,0,0,0.03121,0.07359,0,0,0,0,0,0,0,0,0,0,0,0,0.00958,0,0.02944,0.09862,0.07623,0.02694,0,1.10526,0,0,0,0,0.01585,0.05337,0,0,0,0.01161,0,0,0,0,0,0.79009,0,0,0.55416,2.5803,0,0,0,0,0,0.53939,0,0,0,0,0,0,0,0,0,0,0.86261,0.21136,0,0.00859,0,0,0,0,0.05451,0.53006,0,0,0,3.1132,0,0,0,0,0.56971,0,0,0,0,0,0,0,0,0,0,0,0,0.26178,0.75801,0,0.54837,0,0,0,0,0,0,0.01169,0,0,0,0.04089,0,0,0.01534,0,0.01496,0,0.07347,0,0,0,0,0,0,1.39246,0,0.00952,0,0,0.00578,0,0,0,0,0,0,0,0,0.57155,0,0,0,0,0,0,0,1.11436,0,0,0,0.02891,0.49095,0,0.61756,0.07129,1.97463,0,0,2.05185,0,0,0,0,0,0,0.84935,0,0,0,0,0,0,0,0,0,0,0,0,0,0,0.25267,0,0,0,0,0,0,0,11.08564,1.15583,0.23349,0.5807,0,0,0,0,0,0,0,2.24246,4.12282,0,0,0.16251,0,0,0,0,0.34993,0,0.03119,0,0,0,0,0,0,0.04185,0.15508,0.3922,0,0,0,0,0,0,0,0,0,0
"57-tP",0,0,0,0.15706,0.23574,0,0.83959,0.57258,0,0,3.44971,0.17989,0,0,0,0,0,0.07381,0,1.73794,0,0.37613,0.13892,3.39405,5.39306,0,0,0.7134,0,0,0,0,0,0,0,0,0,0,0.37939,0,0,0,0,0.06889,0.46017,7.04515,5.83761,0.80673,0,0,0.11581,0.45616,0,0,0.85999,0,0,0,0,0,0,0,0.01152,0.02631,0.08195,1.10421,0,5.74428,0,0,0,0.16288,0.16261,0,0,0,0,0,0,0,0,0,0,0,0,0.01039,0,0,0.07701,0.04121,0,0,0.51236,0,0,0,0.1457,0,0.19681,0,0,0,0.21651,0,0,0,0,0,0,0,0,0.55487,4.70087,0,0,0.00768,0,0,0.65114,0,0,0,0,0,0,0,0,0,0,1.83171,0.61472,0.01271,0.36174,0,0,0,0,0.19759,0,0,0,0,0.86931,0,0,0,0,0.42987,0,0,0,0,0,0,0,0,0,0,0,0.03255,0.66475,1.2901,0,2.01917,0,0,0,0,0,0,0.07125,0,0,0,0.05843,0,0,0.03244,0,0.03561,0,0,0,0,0,0,0,0,0.58467,0,0,0,0,0,0,0,0.04188,0,0,0,0,0,2.13149,0,0,0,0,0,0,0,2.29765,0,0,0,0.57864,0.53992,0,1.15976,0.25153,1.28314,0,0,1.23888,0,0,0,0,0,0,0.63406,0,0,0,0,0,0,0,0,0,0,0,0,0,0,0.00205,0,0,0,0,0,0,0,2.36073,0.83059,0.2472,1.69592,0,0,0,0,0,0,0,5.52109,18.7174,0,0,0.52271,0,0.01744,0,0,1.376,0,0.02665,0,0,0,0,0,0,0,0.17375,1.14092,0.4039,0,0,0,0,0,0,0,0,0
"58-rB",0,0,0,0,0.04513,0,0,0,0,0,0,0,0,0,0,0,0,0,0,0,0,0,0,0,0,0,0,0.0766,0,0,0,0,0,0,0,0,0,0,0,0,0,0,0,0,0,0.01318,0.17373,0.02588,0,0,0,0,0,0,0,0,0,0,0,0,0,0,0,0.00789,0,0,0,0.21851,0,0,0,0,0,0,0.17383,0,0,0,0.10385,0,0,0,0,0,0,0,0,0,0,0,0,0,0,0,0,0,0,0,0,0,0,0,0,0,0,0,0,0,0,0,0,0,1.01577,0,0,0,0,0.01906,0,0,0.06556,1.36421,0.11173,0,0,0,0,0.22499,0.15645,0,0,0,0,0,0,0,0,0,0,0,0,0.0375,0.19308,0,0.00272,1.47883,0.10378,0,0,0,0,0,4.88981,0,0,0,0,0,0,0,0.01525,0,0,0,0,0.10214,0,0,0,0.0095,0,0,0,0,0,0.09962,0,0,0,0,0,0,0,0,0,0,0,0,0,0,0,0,0,0,0,0,0,0,0,0,0,0,0,0,0,0,0,0,0.10121,0,0,0,0.16294,0.00723,0,0.02813,0.41021,0,0,0,0,0,0.00863,0,0.15582,0.04945,0,0,0,0,0,0,73.71744,0,6.56089,1.27413,1.13555,0.28665,0,0.98176,3.68745,0.02513,0,0,0,0,0,0,0,0,0,0,0,0.25663,0.06146,0.11026,0,0,0,0,0,0,0,0,0,0,0,0,0,0,0,0.12547,0.00568,0,0,0,0,0,0,0,0,0.11691,0.00241,0,0,0,0,0,0,0,0,0,0,0
"58-rP",0,0,0,0,0.11001,0,28.14764,0,0,0,2.69247,0.17376,0,0,0,0,0,0,0,0,0,0.72053,0,8.01728,0.03137,0,0,1.3985,0.32103,0.26809,0.21515,0.02088,0,0,0,0.96899,0,0,0.63609,0,0,0,0,15.12446,0,4.70026,4.10216,0.11893,1.02927,0,0,0,0,0,0.0632,0.5419,0,0,0,0.38452,0,0.04657,0.19391,0.29494,0,0.15185,0,0.08442,0,0,0,0.01126,0.74046,0,0,0,0,0,0.28971,0,0,0,0,0,0.02191,0,0,0,0.37985,0.23356,0.26333,0.00149,0,0,0.17285,0,0.02042,0.01666,0.0411,0,0,0,0,0,0.01268,0,0,0.08136,0,0.36473,0,0.01683,0.64066,0.08564,0,0.4821,0,0.01939,0,0.02089,0.21203,0,1.29166,0,0,0,0,0.14376,0.03378,0,0.4961,0,0.14139,0,0,0,0,0.10196,0.17563,0,0,0.12292,0.42705,0,0,0.51214,1.68562,0,0,0,0.08923,0,2.42536,0,0.00204,0,0,0.06607,0,0,0.95914,0,0,2.16073,0,0.96574,0,0,0,0.03995,0.04846,0,0,0,0,0.36614,0.08667,0.01517,0,0,0,0.36949,0,0.02542,0,0,0,0,0,0,0,0,0,0,0,0,0,0,0,0,0,0,0,0,0,0,0,0,0.00325,0,0.13379,0,0.00609,0,0,0.65058,0.8877,0.02729,0,1.56322,0.89348,0,1.00725,0,0,0.05234,0,0,0,1.35448,0.1387,0,1.96526,0,0.00629,0.11757,0,0.12347,0,0,0.28138,0,0,0,0,0,0,0,0,0,0,0,0.12885,0.38057,0,0.35568,0,0,0,0,0,0.00428,0,0,1.1581,0,0,0.0345,0,0,0,0.0944,0.74246,0,0,0,0,0.02485,0,0,0,0.04794,0.33393,0.04361,0,0,0,0,0,0,0,0,0,0
"58-tB",0,0,0,0,0.22701,0,0,0,0,0,0.00367,0.18487,0,0,0,0,0,0,0,0.01126,0,0,0,0.34587,0,0,0,2.38207,0.20255,0,0,0,0.27944,0,0,0,0,0,0,0,0,0,0,0.02461,0,0.37279,3.432,0.004,0,0,0,0,0,0,0,0,0,0,0,0,0,0,0,0.28028,0,0,0,0.17047,0,0,0,0.05536,0.09278,0,0,0,0,0,1.06642,0,0,0,0,0,0,0,0,0,0,0,0,0,0,0,0,0,0,0,0,0,0,0,0,0,0.37866,0,0,0,0,0.04863,0,0,2.20109,0,0,0,0,0.33769,0,0.33202,0.38652,4.35761,0.32294,0,0,0,0,0.51377,0.747,0,0,0,0,0,0,0,0,0.01542,1.68466,0,0,1.29952,1.3458,0,0.15526,3.82992,0.32917,0,0,0,0.40687,0,19.01263,0,0,0,0,0,0,0,0.49748,0,0,0,0,1.29258,0,0,0,0.11468,0,0,0,0,0,0.50959,0.00919,0,0,0,0,1.77156,0.21341,0.28367,0,0,0,0,0,0,0,0,0,0,0,0,0,0,0,0,0,0,0.02023,0,0,0,0,0,0.02426,0,0,0,0.01677,0,0,0.12768,10.41251,0.47239,0,0.1513,0,0,0.33259,0,0,0.09907,0,0,0,0,0.04866,0,20.41786,0,3.92242,0.83579,0.87592,0.74505,0,0.062,1.28656,0,0,0,0,0,0,0,0,0,0,0,0,4.37086,0.95101,1.3797,0,0,0,0,0,0,0,0,0.3028,0,0,0,0,0,0,0.90851,0.32651,0,0,0,0,0.01082,0,0,0,0.24337,0,0.12259,0,0,0,0,0,0,0,0,0,0
"58-tP",0,0,0,0,0.45201,0,0,0,0,0,0.04772,0.34171,0,0.00957,0,0,0,0,0,0.03627,0,0,0,1.0987,0.04245,0,0,1.12846,0.37576,0,0,0,0,0,0,0,0,0,0,0,0,0,0,0,0.15957,1.69355,0.72641,0.03707,0,0,0,0,0,0,0,0,0,0,0,0,0,0,0,0.06993,0,0,0,0.34551,0,0,0,0.11973,0.66522,0,0,0,0,0,1.81587,0,0,0,0,0,0,0,0,0,0,0,0,0,0,0,0,0,0,0,0,0,0,0,0,0,1.06919,0,0,0,0,0.13092,0,0,3.14736,0,0,0,0,0.20001,0,0.29562,0.6134,0.07511,1.10159,0,0,0,0,0.90638,0.66379,0,0,0,0,0,0,0,0,0,0.03563,0,0,0.81375,1.59285,0,0,3.15532,11.70493,0,0,0,0.92852,0,18.60317,0,0.3099,0,0,0,0,0,0.04944,0,0,0,0,0.00471,0,0,0,0.19781,0,0,0,0,0,0.84531,0,0,0,0,0,0.10705,0,0.31091,0,0,0,0,0,0,0,0,0,0,0,0,0,0,0,0,0,0,0.2737,0,0,0,0,0,0.13596,0,0.66883,0,0.06086,0,0,0.1551,7.58006,0.12284,0,0.88879,0,0,0.34115,0,0.02526,0.33028,0,0,0,0,1.27851,0,14.12412,0,2.23803,0.8366,0.26107,1.04674,0,0.15031,0.38051,0,0,0,0,0,0,0,0,0,0.2115,0,0.62382,8.06257,0.65093,0.51108,0,0,0,0,0,0,0,0,0,0,0,0,0,0,0,2.51361,0.2224,0,0,0,0,0.01898,0,0,0,0.16551,0.01264,0.08008,0,0,0,0,0,0,0,0,0,0
"60-rB",0,0,0,0.02871,0,5.42926,0.85995,0.1239,0,0,5.97266,0.89546,0,0,0,0,0,0,0,0,0,0,0.06641,2.00472,0,0,0,0,0,0,0,1.61872,0,0,0.15271,0.88031,0,0,5.42191,0,0,0,0,11.3602,2.16934,15.77817,19.89468,0.62107,0,0,0,0,0,0,0,0,0,0,0,0.09244,0,0,0,0,0.00678,0.95269,0.01967,3.16676,0,0,0,0.03753,0,0,0,0,0,0.09261,0,0,0,0,0,0,0,0,0,0.03892,0.04057,0.26053,0.01972,0,0.11763,0,0,0,0,0.24072,0.59995,0,0,0,0.84728,0,0,0,0,0,0,0,0,0.08014,0,0,0,0,0,0.01662,0,0,0,0,0,0,0,0,0,0,0,0.13468,0.06173,0.24612,0,0,0,0,0,0,0,0,0,0,0,0,0,1.43621,0,0,0,0,0,0,0.41177,0,0,0,0,0,0,0,0,0,0,1.36347,0,0,0,0,0,0,0,0,0,0,0,0,0,0.0171,0,0.41886,0,0.136,0.03313,0.01747,0,0,0.01511,0,0,0,0,0,0,0,0,0,0,0,0,0,0,0,0,0,0,0,0,0,0,0,0,0,0,0,0.39029,0.98746,0,0,0,3.9324,0,0,1.89053,0,2.27817,1.92618,0,0,0,0,0,0,0,0,0,0,0,0,0,0,0,0,0,0,0.05432,0,0.68317,0,0,0,0,0,1.76699,0.04776,0.0506,0,0,0,0,0,0,0,0,1.19725,0,0,0,0.14607,0,0,0,0,0.30581,0,0.09019,0,0,0,0,0,0,0,0,0,0,0,0,0.05242,0,0,0,0,0,0
"60-rP",0,0,0,0,0,4.64169,1.98843,0.15706,0,0,8.1184,0.6543,0,0,0,0,0,0,0,0,0,0,0,2.32193,0,0,0,0,0,0,0,1.54131,0,0,0.31872,0.79512,0,0,4.8592,0,0,0,0,3.33671,1.68137,10.75548,13.4015,1.12367,0,0,0,0,0,0.15444,0,0,0,0,0.20518,0.10707,0,0,0,0,0.16739,1.30726,0.07092,0,0,0,0,0.04101,0,0,0,0,0,0.0068,0,0,0,0,0,0,0,0,0,0.05686,0.05868,0.01367,0,0,0.01627,0,0,0,0,0.0599,0.36884,0,0,0,0.61669,0,0,0,0,0,0,0,0.06874,0.04136,0,0,0,0,0,0,0,0,0,0,0,0,0,0,0,0.27622,0,0.36781,0.21652,0.16998,0,0,0,0,0,0.10605,0,0,0,0,0,0,0,20.02213,0,0,0,0,0.09095,0,0.25812,0,0,0,0,0,0,0,0,0,0,0.32869,0,0,0,0,0,0,0,0,0,0,0,0,0,0,0.09054,3.70555,0,0.12323,0,0,0,0,0,0,0,0,0,0,0,0,0,0,0,0,0,0,0,0,0,0,0,0,0,0,0,0,0,0,0,0,0.61531,1.26269,0,0,0,3.1539,0,0,1.54684,0,1.74403,2.17766,0,0,0,0,0,0,0,0,0,0,0,0,0,0,0,0,0,0,0.0667,0,0.31331,0,0,0,0,0,0.06025,0.1377,0.38545,0.03611,0,0,0.00947,0,0,0,0,2.31293,0,0,0,0.11651,0,0,0,0,1.18569,0,0.00506,0,0,0,0,0,0,0,0,0,0,0,0,0.05863,0,0,0,0,0,0
"60-tB",0,0,0,0.04402,0,1.80163,0.58211,0,0,0,4.28921,0.41891,0,0,0,0,0,0,0,0,0,0,0.08193,1.60112,0,0,0,0,0,0,0,1.43213,0,0,0.16702,0.60458,0,0,2.38915,0,0,0,0,28.30603,2.01877,17.64047,17.45316,0.24726,0,0,0,0,0,0,0,0,0,0,0,0.03957,0,0,0,0,0.07156,1.14754,0,0,0,0,0,0.04643,0,0,0,0,0,0.07336,0,0,0,0,0,0,0,0,0,0.08455,0.03355,0.00326,0,0,0,0,0,0,0,0.08422,0.13203,0,0,0,0.05741,0,0,0,0,0,0,0,0.004,0.07338,0,0,0,0,0,0,0,0,0,0,0,0,0,0,0,0.14491,0,0.1974,0.05041,0.05996,0,0,0,0,0,0,0,0,0,0,0,0,0,6.74233,0,0,0,0,0,0,0.29655,0,0,0,0,0,0,0,0,0,0,0.16922,0,0,0,0,0,0,0,0,0,0,0,0,0,0,0,1.2016,0,0.12308,0,0,0,0,0,0,0,0,0,0,0,0,0,0,0,0,0,0,0,0,0,0,0,0,0,0,0,0,0,0,0,0,0.17768,0.86945,0,0,0,1.29104,0,0,0.86224,0,1.28792,0.84611,0,0,0,0,0,0,0,0,0,0,0,0,0,0,0,0,0,0,0.02191,0,0.15058,0,0,0,0,0,0,0.01358,0.06796,0,0,0,0,0,0,0,0,3.55657,0,0,0,0.49224,0,0,0,0,0.30772,0,0.00393,0,0,0,0.01518,0,0,0.01769,0.09111,0,0,0,0,0.01328,0,0,0,0,0,0
"60-tP",0,0,0,0.04281,0,5.86058,0.98345,0.09848,0,0,4.85372,0.42735,0,0,0,0,0,0,0,0,0,0.02264,0.07338,2.38593,0,0,0,0,0,0,0,2.07669,0,0,0.16319,0.67547,0,0,3.82276,0,0,0,0,6.46392,4.07811,28.94933,17.07886,0.17194,0,0,0,0,0,0,0,0,0,0,0,0.04213,0,0,0,0,0.02079,0.50002,0.01567,2.6605,0,0,0,0.02026,0,0,0,0,0,0.03873,0,0,0,0,0,0,0,0,0,0.0595,0.06058,0.01785,0,0,0.1389,0,0,0,0,0.13348,0.75181,0,0,0,0.05214,0,0,0,0,0,0,0,0,0.02189,0,0,0,0,0,0.00099,0,0,0,0,0,0,0,0,0,0.07309,0,0.22761,0.07096,0.10144,0,0,0,0,0,0,0,0,0,0,0,0,0,1.41984,0,0,0,0,0,0,0.32922,0,0,0,0,0,0,0,0,0,0,0.4227,0,0,0,0,0,0,0,0,0,0,0,0,0,0,0,1.18465,0,0.08845,0,0,0,0,0,0,0,0,0,0,0,0,0,0,0,0,0,0,0,0,0,0,0,0,0,0,0,0,0.04945,0,0,0,0.36768,0.93547,0,0,0,3.18839,0,0,1.41008,0,2.22981,1.25831,0,0,0,0,0,0,0,0,0,0,0,0,0,0,0,0,0,0,0.03901,0,0.47446,0,0,0,0,0,0.99312,0.11092,0.60302,0,0,0,0,0,0,0,0,1.24344,0,0,0,0.02976,0,0,0,0,0.3024,0,0.01789,0,0,0,0,0,0,0,0,0,0,0,0,0.06504,0,0,0,0,0,0
"61-rB",0,2.79521,0,0,0.37504,0.01745,0.19602,0.01328,0,0,7.13158,0.25441,0,0,0,0,0,0,0,1.22999,0,0.01523,0,0,6.12225,0.1685,3.6442,23.01062,0,0,0,0.46216,0,0,0,0,0,0,3.34353,0,0,0.99337,0,0,0,7.67913,0,3.27837,3.41059,0,0,0,0,0,0,0,0,0,0,0.02104,0,0,0,0.13957,0,0.46178,0,0.2755,0,0,0,0,0.0032,0,0,0,0,0,0,0,0,0,0,0,0,0,0,0,0.07464,0.00667,0,0,0.02953,0,0,0,0,0.03398,0,0,0,0,0,0,0,0.04338,0,0,0,1.19195,0,0,2.49331,0,0,0,0,0,0.02155,0.29062,1.72117,0,0,0,0,0,0,0,0,0.34182,0.00706,0,0,0,0,0,0,0,1.22791,0,0,0.35388,0.23903,0,0,5.56565,0,2.24844,0,0,0,0.08748,0.22528,0,0,0,0,0.87292,0,0,0,0,0,0.70969,0,0.89644,0,0,0,0,0,0,0,0,0,0,0.01764,0,0,0,0,0,0,0,0,0,0,0,0,0,0,0,0,0,0,0,0,0,0,0,0,0,0.00464,0,0,0,0,0,0,0,0,0,0,0,0,0.43602,0.35873,0.21951,0,3.36716,0,0,4.60716,0,0,2.45445,0,0,0,0.67263,0,0,0,0,0,0,0,0,0,0,0,0,0,0,0.08751,0,0,0,0,0,0,0,0.80156,0,0.3186,0.43424,0,0,0,0,0,0.02343,0,0,2.40766,0,0,0.01872,0,0,0,0,0.04594,0,0,0,0,0,0,0,0,0,0,0,0,0,0,0,0,0,0,0,0,0
"61-rP",0,3.52141,0,0.00574,0.10891,10.04892,0.77694,0.33654,0,0,5.53973,0.44886,0,0,0,0,0,0,0,0.937,0,0.72004,0.01741,0,14.06375,0.47591,0.85456,11.51105,0,0,0,0.92112,0,0,0,0,0,0,1.19947,0,0,0.85471,0,0,0,13.95591,0,0.54132,3.68852,0,0,0,0,0,0,0,0,0,0,0.08525,0,0,0,0.3659,0,0.2692,0,0.0577,0,0,0,0.00559,0.02269,0,0,0,0,0,0,0,0,0,0,0,0,0,0,0,0.1028,0,0,0,0.15346,0,0,0,0,0.08593,0,0,0,0,0,0,0,0,0,0,0,0.8798,0,0.04382,1.8972,0,0,0,0,0,0.02908,0.15472,0.38689,0,0,0,0,0,0,0,0,0.57758,0.03729,0,0,0,0,0,0,0,1.29078,0,0,0.05805,0.18577,0,0,0.26114,0,5.37663,0,0,0,0.01556,0.04753,0,0,0,0,0.33677,0,0,0,0,0,0.94424,0,0.22184,0,0,0,0,0,0,0,0,0,0,0,0.02404,0,0,0,0,0,0,0,0,0,0,0,0,0,0,0,0,0,0,0,0,0,0,0,0,0,0,0,0,0,0,0,0,0,0,0,0,0,0.56911,0.54879,0.88242,0,4.5755,0,0,3.26842,0,0,2.15367,0,0,0,1.16192,0,0,0,0,0,0,0,0,0,0,0,0,0,0,0.08487,0,0,0,0,0,0,0,0.01511,0,0.14834,0.07838,0,0,0,0,0,0.00083,0,0,1.92636,0,0,0,0,0,0,0,0.13367,0,0,0,0,0,0,0,0,0,0,0.00753,0,0,0,0,0,0,0,0,0,0
"61-tB",0,2.23297,0,0.01023,0.26487,3.48749,0.66444,0.26071,0,0,7.20899,0.21199,0,0,0,0,0,0,0,1.07767,0,0.33441,0.01046,0,13.06792,0.09383,0.22504,15.23247,0,0,0,0.67712,0,0,0,0,0,0,5.55282,0,0,3.29078,0,0,0,13.08846,0,0.14384,1.48011,0,0,0,0,0,0,0,0,0,0,0.01832,0,0,0,1.10503,0,0.492,0,0.01752,0,0,0,0,0.0152,0,0,0,0,0,0,0,0,0,0,0,0,0,0,0,0.11792,0.35915,1.11988,0.01005,0.00754,0,0,0,0,0.17587,0,0,0,0,0,0,0,0,0,0,0,0.73458,0,0,1.35917,0,0,0,0,0,0.08123,0.48869,0.58711,0,0,0,0,0,0,0,0,0.30958,0.04017,0,0,0,0,0,0,0,0.3912,0,0,0.15187,0.11268,0,0,0.52227,0,6.8718,0,0,0,0.07422,0.4917,0,0,0,0,0.28855,0,0,0,0,0,0.98379,0,0.47055,0,0,0,0,0,0,0,0,0,0,0,0.00789,0,0.03475,0,0,0,0,0,0,0,0,0,0,0,0,0,0,0,0,0,0,0,0,0,0,0,0,0,0,0,0,0,0,0,0,0,0,0,0.64568,0.86803,0.48235,0,4.8148,0,0,2.21913,0,0,2.42321,0,0,0,0.38625,0,0,0,0,0,0,0,0,0,0,0,0,0,0,0.07244,0,0,0,0,0,0,0,0,0,0.16822,0,0,0,0,0,0,0.0215,0,0,1.83835,0,0,0,0,0,0,0,0.00314,0,0,0,0,0,0,0,0,0,0,0,0,0,0,0,0,0,0,0,0,0
"61-tP",0,4.58552,0,0.02811,0.06726,12.81414,1.49744,0.57047,0,0,3.57616,0.79236,0,0,0,0,0,0,0,0.87841,0,1.34024,0.03429,0,18.33203,0.2428,0.20917,7.27972,0,0,0,0.12295,0,0,0,0,0,0,1.57478,0,0,0.03933,0,0,0,10.55208,0,0.1561,3.96664,0,0,0,0,0,0,0,0,0,0,0.08245,0,0,0,0.61146,0,0.05907,0,0.04537,0,0,0,0.00314,0.02459,0,0,0,0,0,0,0,0,0,0,0,0,0,0,0,0.14384,0,0,0,0.18125,0,0,0,0,0.16137,0,0,0,0,0,0,0,0,0,0,0,0.96978,0,0.0388,3.16786,0,0,0.00786,0,0,0,0.13231,0.28613,0,0,0,0,0,0,0,0,0.66428,0.05476,0,0.0211,0,0,0,0,0,2.11376,0,0,0.04897,0.16098,0,0,0,0,7.10873,0,0,0,0,0.12036,0,0,0,0,0.01803,0,0,0,0,0,0.48708,0,0.28085,0,0,0,0,0,0,0,0,0.00823,0,0,0.0515,0,0,0,0,0,0,0,0,0,0,0,0,0,0,0,0,0,0,0,0,0,0,0,0,0,0,0,0,0,0,0,0,0,0,0,0,0,0.64934,0.90845,2.10356,0.03477,2.22534,0,0,2.23093,0,0,1.80268,0,0,0,0.29849,0,0,0,0,0,0,0,0,0,0,0,0,0,0,0.06345,0,0,0,0,0,0,0,0.07797,0,0.01387,0.08737,0,0,0,0,0,0,0,0,3.44073,0,0,0,0,0,0,0,0.31774,0,0,0,0,0,0,0,0,0,0.00322,0.02817,0,0,0,0,0,0,0,0,0,0
"62-rB",0,0,0,0.03314,0.98093,7.28632,11.75752,0,0,0,0,0,0,0,0,0,0,0,0,0.12848,0,0.0396,0.18148,0,0,0,0,0,0,0,0,0,1.68412,0,0,1.93037,0,0,8.51761,0,0,0,0,0,0,0,12.21434,0,0,0,0,0,0,0,0,0,0,0,0,0.17116,0,0,0.20022,0.59046,0,8.63522,0,1.25915,0,0,0,0,0,0,0,0,0,0.23167,0,0,0,0,0,0,0,0,0,0,0,0.07392,0,0.01833,1.62812,0,0,0,0,0.03967,0,0,0,0,0,0,0,0,0,0,0,1.50935,0,0.06702,0,0,0,0,0,0,0,0,0.71273,0,0,0,0,0,0,0.5774,0.373,0.03438,0.13583,0,0,0,0,0,0,0,0.2211,0,0,0.08255,2.30592,0,0,1.74743,1.55976,0,0,0,0,0,1.14038,0,0,0,0,0,0,0,0.17178,0,0,1.15053,0,2.29553,0,0,0,0,0.01719,0,0,0,0,0,0,0,0,0,0,0,0,0,0,0,0,0,0,0,0,0,0,0,0,0,0,0,0,0,0,0,0.08569,0,0,0,0,0,0,0,0,0,0,0,0.51912,0,0,0,0,18.57982,0,0,0,0,0,0,0,0,0,0.99401,0,0,0,0,0,0,0,0,0,0,0,0,0,0,0,0,0,0,0,0,0,0,0,0,2.5454,0.01231,0,0,0,0,0,0,0,0,0,0,0,0.51694,0.18656,0,0,4.79847,0.05794,0,0,0,0,0,0,0,0,0,0,0,0,0,0,0,0,0,0,0,0,0
"62-rP",0,0,0,0.09372,0.41447,1.65853,5.28482,0,0,0,0,0,0,0,0,0,0,0,0,0.11173,0,0.10639,0.25328,0,0,0,0,0,0,0,0,0,1.14667,0,0,2.33711,0,0,5.40379,0,0,0,0,0,0,0,20.73662,0,0,0,0,0,0,0,0,0,0,0,0,0.50425,0,0,0.41433,0.77623,0,2.48912,0,2.58308,0,0,0,0,0,0,0,0,0,0.0801,0,0,0,0,0,0,0,0,0,0,0.03799,0.10694,0,0.10304,3.41094,0,0,0,0,0.13923,0.11263,0,0,0,0,0,0,0,0,0,0,2.53272,0,0.23061,0,0,0,0,0,0,0,0,0.86197,0,0,0,0,0,0.01911,0.57753,0.402,0.06506,0.15512,0,0,0,0,0,0,0,0.42472,0,0,0.33562,2.6186,0,0,3.38907,0.59133,0,0,0,0,0,3.93708,0,0,0,0,0,0,0,0.17385,0,0,1.88304,0,3.78421,0,0,0,0,0.05336,0,0,0,0,0,0.03184,0.00222,0,0,0,0,0,0,0,0,0,0,0,0,0,0,0,0,0,0,0,0,0,0,0,0,0.23722,0,0,0,0,0,0,0,0,0,0,0,1.4701,0,0,0,0,17.34865,0,0,0,0,0,0,0,0,0,1.21363,0,0,0,0,0,0,0,0,0,0,0,0,0,0,0,0,0,0,0,0,0,0,0,0.6493,1.48542,0.09779,0,0,0,0,0,0,0,0,0,0,0,0.95732,0.04267,0,0,5.87191,0.25188,0,0,0,0,0,0,0,0,0,0,0,0,0,0,0,0,0,0,0,0,0
"62-tB",0,0,0,0.07262,0.585,14.59634,11.53254,0,0,0,0,0,0,0,0,0,0,0,0,0.21343,0,0.04985,0.17863,0,0,0,0,0,0,0,0,0,0.46522,0,0,1.62306,0,0,7.26863,0,0,0,0,0,0,0,19.58083,0,0,0,0,0,0,0,0,0,0,0,0,0.29242,0,0,0.27378,0.6494,0,3.00743,0,0.86477,0,0,0,0,0,0,0,0,0,0,0,0,0,0,0,0,0,0,0,0,0.00344,0.13131,0,0.10217,1.67241,0,0,0,0,0.1256,0,0,0,0,0,0,0,0,0,0,0,1.49352,0,0.09724,0,0,0,0,0,0,0,0,0.51266,0,0,0,0,0,0,0.3077,0.17526,0.05212,0.19551,0,0,0,0,0,0,0.02559,3.0484,0,0,0.26115,0.37068,0,0,1.02001,0.47457,0,0,0,0,0,0.58095,0,0,0,0,0,0,0,0.19821,0,0,1.25165,0,0.79494,0,0,0,0,0.05091,0,0,0,0,0,0.03668,0.03243,0,0,0,0,0,0,0,0,0,0,0,0,0,0,0,0,0,0,0,0,0,0,0,0,0.24413,0,0,0,0,0,0,0,0,0,0,0,0.85689,0,0,0,0,17.10808,0,0,0,0,0,0,0,0,0,1.00618,0,0,0,0,0,0,0,0,0,0,0,0,0,0,0,0,0,0,0,0,0,0,0,0.21973,1.57185,0.10613,0,0,0,0,0,0,0,0,0,0,0,0.6886,0.26262,0,0,3.49892,0.11133,0,0,0,0,0,0,0,0,0,0,0.05647,0,0,0,0,0,0,0,0,0,0
"62-tP",0,0,0,0.0183,0.62103,7.85206,2.04932,0,0,0,0,0,0,0,0,0,0,0,0,0.29389,0,0,0.13361,0,0,0,0,0,0,0,0,0,1.01674,0,0,2.16721,0,0,13.14556,0,0,0,0,0,0,0,32.8151,0,0,0,0,0,0,0,0,0,0,0,0,0.3584,0,0,0.07139,0.18814,0,6.42288,0,0.92283,0,0,0,0,0,0,0,0,0,0,0,0,0,0,0,0,0,0,0,0,0,0,0,0.05651,2.01018,0,0,0,0,0,0,0,0,0,0,0,0,0,0,0,0,1.45307,0,0.03875,0,0,0,0,0,0,0,0,0.60232,0,0,0,0,0,0,0.35042,0.55802,0.00333,0.03854,0,0,0,0,0,0,0,0.40405,0,0,0.28446,1.20964,0,0,1.34126,0.24767,0,0,0,0,0,0.641,0,0,0,0,0,0,0,0,0,0,1.12325,0,0.88351,0,0,0,0,0,0,0,0,0,0,0,0,0,0,0,0,0,0,0,0,0,0,0,0,0,0,0,0,0,0,0,0,0,0,0,0,0.0463,0,0,0,0,0,0,0,0,0,0,0,0.29917,0,0,0,0,14.0257,0,0,0,0,0,0,0,0,0,1.12101,0,0,0,0,0,0,0,0,0,0,0,0,0,0,0,0,0,0,0,0,0,0,0,0.05745,0.90613,0.10505,0,0,0,0,0,0,0,0,0,0,0,0.94542,0,0,0,3.10303,0,0,0,0,0,0,0,0,0,0,0,0.0683,0,0,0,0,0,0,0,0,0,0
"64-rB",0,0,0,1.23605,0,4.14084,0,0,0,0,0,0,0,0,0,0,0,0,0,0,0,0.41049,1.04258,0,12.57626,0,0,0,0,0,0,0,2.30601,0,0,0,0,0,0,0,0,0,0,0,0,0,0,0.88355,0,0,0.00649,0,0,0,10.14331,0,0,0,0,0.20937,0,0,0,0,0.37361,0.81485,0,0,0,0,0,0,0,0,0,0,0,0,0,0,0,0,0,0,0,0,0,0.00247,0,0.17741,0.37346,0.00532,0,0,0,0,0,0.15365,0,0.01642,0,0,0,0,0,0.22803,0,0,0,1.58696,0.08289,0.44793,0,0,0,0,0,0,0,0,0,0,0,0,0.33464,0,0,0,1.40739,0.00938,0.03129,0.21986,0.00672,0,0,0,0.00594,0,24.03823,0,0,1.67207,0.05948,0,0,0,9.15043,16.4886,0,0,0,0,1.13188,0,0,0,0,0,0,0,0.39303,0,0,1.27123,0,0.43605,0,0,0,0,0.44991,0,0,0,0,0.29239,0,0,0.20582,0.55105,0,0,0,0,0,0,0,0,0,0,0,0,0,0,0,0,0,0,0,0,0,0,0.15474,0,0,0,0,0,0,0,0.27557,0,0,0,0.70099,0,0,0,0,0,0.4912,0,0,0,0,0.2079,0,0,0,0,0,0,0,0,0,0,0,0,0,0,0,0,0,0,1.65375,0,0,0,0,0,0,0,0,0,0.2235,0,0,0,0,0,0,0,0.1781,0,0,0,0,0,0,0,0,0,0.31191,0,0.22129,0,0,0,0,0,0,0.01845,0.18929,0,0,0,0,0,0,0,0,0,0,0
"64-rP",0,0,0,0.16163,0.02479,2.51767,0,0,0,0,0,0,0,0,0,0,0,0,0,0,0,0.12872,0.12502,0,12.00025,0,0,0,0,0,0,0,1.58537,0,0,0,0,0,0,0,0,0,0,0,0,0,0,1.74677,0,0,0.0618,0,0,0,0.16349,0,0,0,0,0.24778,0,0,0,0,0.11948,0.41169,0,0,0,0,0,0,0,0,0,0,0,0,0,0,0,0,0,0,0,0,0,0,0,0.07984,0.0928,0,0,0,0,0,0,0.07701,0.01776,0,0,0,0,0,1.00017,0.05244,0,0,0,0.80983,0.07463,0.00289,0,0,0,0,0,0,0,0,0,0,0,0,0.03317,0,0,0,0.77619,0.19156,0.03545,0.14043,0,0,0,0,0,0.03644,12.38585,0,0,1.53802,0.06768,0,0,0,39.20768,11.965,0,0,0.04865,0,0.98891,0,0,0,0,0,0,0,0.66531,0,0,1.07444,0,2.88702,0,0,0,0.0018,0.11523,0,0,0,0,0.07339,0,0,0.12968,0.14641,0,0,0,0,0,0,0,0,0,0,0,0,0,0,0,0,0,0,0,0,0,0,0.345,0,0,0,0,0,0,0,0.14079,0,0,0,0.76341,0,0,0,0,0,1.9015,0,0,0,0,0.12619,0,0,0,0,0,0,0,0,0,0,0,0,0,0,0,0,0,0,0.98212,0,0,0,0,0,0,0,0.21396,0,0.32772,0.0491,0,0,0,0,0,0.07605,0.04246,0,0.30335,0,0,0,0,0,0,0,0.66481,0,0.05342,0,0,0,0,0,0,0,0,0,0,0,0,0,0,0,0,0,0,0
"64-tB",0,0,0,0.27233,0.30972,7.62962,0,0,0,0,0,0,0,0,0,0,0,0,0,0,0,0.11656,0.17822,0,15.52407,0.01991,0,0.26817,0,0.04198,0,0,1.52221,0,0,0,0,0,0,0,0,0.01534,0,0.05309,0,0.06801,0.07323,0.99411,0,0,0,0,0,0,0.92444,0,0,0,0,0.13008,0,0,0,0,0.10019,0.24909,0,0,0,0,0,0,0,0,0,0,0,0,0,0,0,0,0,0,0,0,0,0,0,0.08899,0.109,0,0,0,0,0,0,0.04238,0.04901,0.00219,0,0,0,0,0,0.12598,0,0,0,1.26569,0.16215,0.06338,0,0,0,0,0,0,0,0,0,0,0,0,1.5077,0.16716,0,0,1.90228,0.05981,0.0308,0.10718,0.04803,0,0,0,0,0,12.14344,0,0,4.70629,0.14111,0,0,0,9.25802,13.44289,0,0,1.09165,0,3.419,0,0,0,0,0,0,0,0.56663,0,0,1.20504,0,4.78739,0,0,0,0.03345,0.16347,0,0,0,0,0.06706,0,0,0.51938,0.64624,0,0,0,0,0,0,0,0,0,0,0,0,0,0,0,0,0,0,0,0,0,0,0.55145,0,0,0,0,0,0,0,0.129,0,0,0,0.83758,0,0,0,0,0.04191,2.65071,0,0,0,0,0.19462,0,0,0,0,0,0,0,0,0,0,0,0,0,0,0,0,0,0,1.19767,0,0,0,0,0,0,0,4.04349,0,3.12458,0.23042,0,0,0,0,0,0.10354,0.0445,0,0,0,0,0,0,0,0,0,0.32804,0,0.01452,0,0,0,0,0,0,0,0.02406,0.07076,0,0,0,0,0,0,0,0,0,0
"64-tP",0,0,0,0.0303,0.73097,0.88031,0,0,0,0,0,0,0,0,0,0,0,0,0,0,0,0,0.03088,0,9.55489,0,0,0,0,0,0,0,2.89947,0,0,0,0,0,0,0,0,0,0,0,0,0,0,2.94179,0,0,0,0,0,0,0.19882,0,0,0,0,0.00395,0,0,0,0,0.00753,0.62471,0,0,0,0,0,0,0,0,0,0,0,0,0,0,0,0,0,0,0,0,0,0,0,0.03883,0,0,0,0,0,0,0,0,0,0,0,0,0,0,1.8294,0.091,0,0,0,0.64893,0,0,0,0,0,0,0,0,0,0,0,0,0,0,0.11552,0,0,0,0.47777,0,0,0,0,0,0,0,0,0,14.68562,0,0,1.45555,0.05466,0,0,0,36.69708,9.19962,0,0,0.58459,0,2.97646,0,0,0,0,0,0,0,0.15357,0,0,0.56263,0,1.98758,0,0,0,0,0.00827,0,0,0,0,0.0103,0,0,0,0.02565,0,0,0,0,0,0,0,0,0,0,0,0,0,0,0,0,0,0,0,0,0,0,0.19297,0,0,0,0,0,0,0,0.10866,0,0,0,0.45241,0,0,0,0,0,0.93266,0,0,0,0,0.08244,0,0,0,0,0,0,0,0,0,0,0,0,0,0,0,0,0,0,0.69333,0,0,0,0,0,0,0,3.92146,0,1.83829,0.30246,0,0,0,0,0,0.04724,0,0,1.89152,0,0,0,0,0,0,0,0.02992,0,0,0,0,0,0,0,0,0,0,0,0,0,0,0,0,0,0,0,0,0
"66-rB",0,0,0,0,0.033,34.36886,0,1.2667,0,0.026,9.05572,0.1544,0,0,0,0,0,0,0,0.15749,0,0.03025,0,1.41808,2.15054,0,0,0,0,0,0,0,0.11387,0,0,0,0,0,0,0,0,0.68582,0,0,0.8965,22.23132,6.69259,0.02815,0,0,0,0,0,0,0,0,0,0,0,0,0,0,0,1.23268,0,0,0,0,0,0,0,0,0,0,0,0,0,0,0,0,0,0,0,0,0,0,0,0,0,0.00116,0,0,0,0.02809,0,0,0.00667,0,0.04672,0,0,0,0,0,0.05134,0,0,0,0,0,0,0,0.79933,0,0,0.00267,0,0,0,0.48602,0.50773,0,0,0,0,0,0,0.00345,0.01859,0,0,0.02398,0,0,0,0,0,0,0,0,0,1.52536,0.03179,0,0,0.10431,5.41058,0,0,0,0.07458,0.08766,1.01942,0,0,0,0,0,0,0,0.95465,0.05588,0,0.05966,0,0,0,0,0,0,0.21353,0,0,0,0,0,0,0,0.00472,0,0,0,0,0,0,0,0,0,0.10083,0,0,0,0,0,0,0,0,0,0,0,0,0,0,0,0,0,0,0,0,0,1.04833,0,0,0,0,1.12376,0.25086,0,0,2.3959,0,0,0.89951,0,0.07573,0,0,0,0,0.24674,0,0,0.05804,0,0,0,0,0,0,0,0,0,0,0,0,0,0,0,0,0,0,0,0,0.22499,0.01048,0.02514,0,0,0.01633,0,0,0.05233,0.32529,0.17417,0,0,0,0,0,0,0,0.42467,0.3112,0,0,0,0,0,0,0,0,0.00134,0.00265,0.15683,0,0,0.01504,0,0,0,0,0,0,0
"66-rP",0,0,0,0,0,13.23096,0.00922,2.23554,0,0.08961,11.50579,0.18463,0,0,0,0,0,0,0,0.03729,0,0.00292,0,0.04684,0.35037,0,0,0,0,0,0,0,0.0448,0.10892,0,0,0,0,0,0,0,0.47824,0,0,0.8026,38.80816,5.50503,0.02771,0,0,0,0,0,0,0,0,0,0,0,0,0,0,0,2.03477,0,0,0,0,0,0,0,0,0,0,0,0,0,0,0,0,0,0,0,0,0,0,0,0,0,0,0,0,0,0.3064,0,0,0,0,0.00397,0,0,0,0,0,0,0,0,0,0,0,0,0,1.41683,0,0,0,0,0,0,0.47778,0.31914,0,0,0,0,0,0,0.03667,0.13367,0,0,0,0,0,0.05412,0,0,0,0,0,0,0.48458,0.11746,0,0,2.1416,3.76649,0,0,0,0.27022,0,1.27326,0,0,0,0,0,0,0,0.99695,0,0,0,0,0.17084,0,0,0,0,0.00942,0,0,0,0,0,0,0,0.06321,0,0,0,0,0,0,0,0,0,0.64533,0,0,0,0,0,0,0,0,0,0,0,0,0,0,0,0,0,0,0,0,0,1.32522,0,0,0,0,1.33203,2.06358,0,0,3.03804,0,0,1.17799,0,0,0,0,0,0,0,0,0,0.25363,0,0,0,0,0,0,0,0,0,0,0.01212,0,0,0,0,0,0,0,0,0,0.24797,0.0619,0.01823,0,0,0,0,0,0,0.47058,0.79667,0,0,0,0,0,0,0,0.47874,0.36112,0,0,0,0,0,0,0,0,0,0.01227,0.00631,0,0,0.15228,0,0,0,0,0,0,0
"66-tB",0,0,0,0,0.05068,9.00171,0,1.73306,0,0.06584,10.39506,0.24196,0,0,0,0,0,0,0,0.18767,0,0.04886,0,0,1.48063,0,0.03248,0,0,0,0,0,0.06828,0.31697,0,0,0,0,0,0,0,0.82663,0,0,2.80903,31.80994,8.46646,0.0329,0,0,0,0,0,0,0,0,0,0,0,0.0081,0,0,0,1.32323,0,0,0,0,0,0,0,0,0,0,0,0,0,0,0,0,0,0,0,0,0,0,0,0,0,0,0,0,0,0.0487,0,0,0,0,0,0,0,0,0,0,0.13744,0,0,0,0,0,0,0,1.14431,0,0,0,0,0,0,0.39916,0.31897,0,0,0,0,0,0,0,0.12797,0,0,0,0,0,0,0,0,0,0,0,0,1.82262,0.09619,0,0,0.38491,0.87149,0,0,0,0,0.16149,9.42289,0,0,0,0,0,0,0,0.39473,0.0056,0,0,0,0.08454,0,0,0,0.00612,0.06512,0,0,0,0,0,0,0,0.03171,0,0,0,0,0,0,0,0,0,1.31711,0,0,0,0,0,0,0,0,0,0,0,0,0,0,0,0,0,0,0,0,0,2.77918,0,0,0,0,1.16575,0.78881,0,0,3.80213,0,0,2.50116,0,0.05049,0,0,0,0,0.01055,0,0,1.82273,0,0,0,0,0,0,0,0,0,0,0,0,0,0,0,0,0,0,0,0,0.38647,0,0,0,0,0.02831,0,0,0.03782,0.37093,0.17433,0,0,0,0,0,0,0,0.18887,0.11161,0,0,0,0,0,0,0,0,0,0.00311,0,0,0,0.03719,0,0,0,0,0,0,0
"66-tP",0,0,0,0,0.10489,12.38151,0,1.85779,0,0.01358,10.23868,0.20281,0,0,0,0,0,0,0,0.00488,0,0.03527,0,0.04927,0.91193,0,0.07707,0,0,0,0,0,0.02015,0.22069,0,0,0,0,0,0,0,0.94791,0,0,1.15084,39.26424,7.48217,0.02375,0,0,0,0,0,0,0,0,0,0,0,0.03015,0,0,0,1.25272,0,0,0,0,0,0,0,0,0,0,0,0,0,0,0,0,0,0,0,0,0,0,0,0,0,0.00894,0,0,0,0,0,0,0,0,0,0,0,0,0,0,0,0,0,0,0,0,0,0,1.21399,0,0,0,0,0,0,0.3274,0.30733,0,0,0,0,0,0,0.0696,0.20856,0,0,0,0,0,0,0,0,0,0,0,0,0.30485,0.12715,0,0,2.6411,0.91019,0,0,0,0.12465,0,2.48096,0,0,0,0,0,0,0,0.74098,0,0,0,0,0.68363,0,0,0,0,0.01739,0,0,0,0,0,0,0,0.01104,0,0,0,0,0,0,0,0,0,0.80764,0,0,0,0,0,0,0,0,0,0,0,0,0,0,0,0,0,0,0,0,0,0.74237,0,0,0,0,1.29259,2.35389,0,0,3.90443,0,0,1.38575,0,0.0441,0,0,0,0,0,0,0,0.59846,0,0,0,0,0,0,0,0,0,0,0,0,0,0,0,0,0,0,0,0,0.277,0.10123,0.07009,0,0,0,0,0,0.012,0.28145,1.15968,0,0,0,0,0,0,0,0.20131,0.30754,0,0,0,0,0,0,0,0,0,0,0,0,0,0.01241,0,0,0,0,0,0,0
"68-rB",0,0,0,0.0975,0,0,16.34923,0,0,0,13.29982,0.10208,0,0,0,0,0,0.01288,0,0.15619,0,0,0.04588,1.80979,3.9782,0,0,0,0,0,0,0,0,0,0,0,0,0,1.75755,0,0,0,0,0,0,18.75657,2.28782,0,0,0,0,0,0,0,0,0,0,0,0,0,0,0,0,0.41276,0.01889,0,0,0,0,0,0,0,0.18804,0,0,0,0,0,0,0,0,0,0,0,0,0,0,0,0,0,0,0,0,0,0,0,0,0,0.0104,0,0,0,0,0,0,0.02386,0,0,0,0,0.16185,0,0,0,0,0,0,0,0,0,0,0,0,0,0,0,0,0.14764,0,0.49255,0.10643,0,0,0,0,0,0,0,0,0,0,1.97978,0.85543,0,0,0.22747,0.5014,0,0,0,0,0,2.65764,0,0,0,0,0,0.20896,0,0,0.08902,0.00708,0.03181,0,1.35511,0,0,0,0,0.20238,0,0,0,0.05174,0,0,0,0,0,0,0,0,0,0,0,0,0,0,0,0,0,0,0,0,0,0,0,0,0,0,0,0,0,0,0,0,0,0,0,0.81146,0,0,0,2.16189,1.14228,0,0,0,6.02959,0,0,0,0,0,0.03131,0,0,0,0,0,0,0,0,0,0,0,0,0,0,0,0,0,0,0,0,0,0,0,0,0,0,0,0.12885,0.02452,0.13303,0,0,0.00831,0,0,0,0.03355,1.22654,14.96408,0,0,0,2.46242,0,0,2.0881,0.21663,0,0.06306,0,0,0,0,0,0,0.00258,0.0543,0.03373,0,0,0,0,0,0,0,0,0,0
"68-rP",0,0,0,0.17729,0,0.00278,13.27603,0,0,0,9.59509,0.12825,0,0,0,0,0,0.01149,0,0.45391,0,0,0.18425,2.34065,4.02262,0,0,0,0,0,0,0,0,0,0,0,0,0,2.56169,0,0,0,0,0,0,19.80829,8.03815,0,0,0,0,0,0,0,0,0,0,0,0,0,0,0,0,0.60867,0,0,0,0.30286,0,0,0,0,0.13867,0,0,0,0,0,0,0,0,0,0,0,0,0,0,0,0,0,0,0,0,0,0,0,0,0,0.00846,0,0,0,0,0,0,0,0,0,0,0.02083,0.01974,0,0,0,0,0,0,0,0,0,0,0,0,0,0.33486,0,0,0.09664,0,0.0549,0,0,0,0,0,0,0,0,0,0,0,5.35051,0.62818,0,0,0.33605,0,0,0,0,0,0,7.12555,0,0,0,0,0,0.24292,0,0,0.00297,0.05373,0,0,1.23207,0,0,0,0.02575,0.15922,0,0,0,0.0292,0,0,0,0,0,0,0,0,0,0,0,0,0,0,0,0,0,0,0,0,0,0,0,0,0.02487,0,0,0,0,0,0,0,0,0,0,1.15241,0,0,0,1.26888,0.97271,0,0,0,2.93444,0,0,0,0,0,0.56429,0,0,0,0,0,0,0,0,0,0,0,0,0,0,0,0,0,0,0.00349,0,0,0,0,0,0,0,0.03393,0.13029,0.17723,0,0.09595,0,0,0,0,0,0.00446,1.66866,9.14453,0,0,0,2.42434,0,0,0.5961,0.15606,0,0.1377,0,0,0,0,0,0,0.01283,0.29364,0.83095,0,0,0,0,0,0,0,0,0,0
"68-tB",0,0,0,0.14005,0,0.26421,20.3759,0,0,0,15.19816,0.10404,0,0,0,0,0,0.03587,0,0.24986,0,0.01126,0.18855,1.85294,1.71596,0,0,0,0,0,0,0,0,0,0,0,0,0,0.55568,0,0,0,0,0,0,17.3034,6.60439,0,0,0,0,0,0,0,0,0,0,0,0,0,0,0,0,1.75905,0,0,0,0.04796,0,0,0,0,0.28279,0,0,0,0,0,0,0,0,0,0,0,0,0,0,0,0,0,0,0,0,0,0,0,0,0,0.05051,0,0,0,0,0,0,0.01765,0,0,0,0,0.0977,0,0,0,0,0,0,0,0,0,0,0,0,0,0,0,0,0.15132,0,0.076,0,0,0,0,0,0,0,0,0,0,0,4.20685,0.57222,0,0,1.38517,0,0,0,0,0.03763,0,4.85161,0,0,0,0,0,0.36658,0,0,0.03845,0,0.01092,0,1.5414,0,0,0,0.01786,0.36404,0,0,0,0.0135,0,0.00219,0,0,0,0,0,0,0,0,0,0.0102,0,0,0,0,0,0,0,0,0,0,0,0,0,0,0,0,0,0,0,0,0,0,0,0.60864,0,0,0,2.17826,1.20686,0,0,0,2.25436,0,0,0,0,0,0.6213,0,0,0,0,0,0,0,0,0,0,0,0,0,0,0,0,0,0,0.0119,0,0,0,0,0,0,0,0,0.03781,0.04555,0.03429,0,0,0.04006,0,0,0,0,0.61183,6.6354,0,0,0,2.71747,0,0,0.92131,0.19112,0,0.16299,0,0,0,0,0,0,0,0.06965,1.14932,0,0,0,0,0,0,0,0,0,0
"68-tP",0,0,0,0.11549,0,0.1631,18.9683,0,0,0,11.7014,0.09837,0,0,0,0,0,0.02291,0,0.21901,0,0,0.13718,1.26655,2.87997,0,0,0,0,0,0,0,0,0,0,0,0,0,1.34421,0,0,0,0,0,0,26.01077,4.41765,0,0,0,0,0,0,0,0,0,0,0,0,0,0,0,0,0.23611,0,0,0,0.49782,0,0,0,0,0.09559,0,0,0,0,0,0,0,0,0,0,0,0,0,0,0,0,0,0,0,0,0,0,0,0,0,0.04428,0,0,0,0,0,0,0,0,0,0,0,0.21999,0,0,0,0,0,0,0,0,0,0,0,0,0,0,0,0,0.01159,0,0.24545,0.04055,0,0,0,0,0,0,0,0,0,0,5.85868,0.42318,0,0,0.51675,0.07067,0,0,0,0.10294,0,3.59932,0,0,0,0,0,0.33316,0,0,0.00861,0.01975,0,0,0.03687,0,0,0,0,0.11614,0,0,0,0,0,0,0,0,0,0,0,0,0,0,0,0,0,0,0,0,0,0,0,0,0,0.03385,0,0,0,0,0,0,0,0,0,0,0,0,0,0.92796,0,0,0,0.21453,1.00209,0,0,0,2.49629,0,0,0,0,0,0.81676,0,0,0,0,0,0,0,0,0,0,0,0,0,0,0,0,0,0,0.01153,0,0,0,0,0,0,0,0.00236,0.11349,0.01379,0,0.00231,0,0.00189,0,0,0,0.03585,0.19831,6.17357,0,0,0,2.20394,0,0,1.0177,0.12038,0,0.15885,0,0,0,0,0,0,0,0.06832,4.56385,0,0,0,0,0,0,0,0,0,0
"7-rB",0,0,0,0,0.13866,0,0,0,0,0,0,0,0,0,0,0,0,0,0,1.04387,0,1.44613,0,0,0,0,0,0,0,0,0,0,0,0.0212,2.67995,0,0,0,0,0,0,0,0,0,8.19872,12.67112,27.6796,2.18844,0,0.03075,0,0,0,0,1.09165,0,0,0,0,0,0,0,0,0,0.02526,0.05162,0,6.29933,0,0,0,0,0,0,0,0,0,0,0,0,0,0,0,0,0,0,0,0.06929,0,0.58158,0,0.21637,0.06517,0.02226,0,0,0,0.30287,0,0,0,0,0.55974,0,0,0,0,0,0,0.12025,0.20288,0.40413,0,2.68285,0,0.01914,0,0,0,0,0,0,0,0,0.68751,0,0,0,0,0.12089,0.38947,0.02352,0,0,0,0,0.20979,0.09152,0.05005,0,0,0.33583,2.8776,0,0,4.15673,0,0,1.8729,0,0.04248,0,0.39267,0,0,0,0,0,0,0,0,0.02379,0,2.99425,0,0,0,0.02455,0,0,0.01424,0,0,0,0,0,0,0.13912,0.12953,1.10433,0,0,0,0,0,0,0,0,1.56501,0,0,0,0,0,0,0,0,0,0,0.17276,0,0,0,0,0,0,0,0,0,0,0,0,0,0,0.0178,0,0,0,0,1.00493,0.95101,0,0,0,0,2.56752,0,0,0,0,0,0,0,0,0,0,0,0,0,0,0,0,0,0,0.89459,0,0,0,0,0,0,0,0.52353,0.55332,0.28146,0.30043,0,0,0,0,0,0,0,2.13414,1.49737,0,0,0.08644,0,0,0.08676,0,1.55005,0,0.74727,0,0,0,0,0,0,0.06391,0.39485,0.0155,0,0,0,0.09775,0,0,0,0,0,0
"7-rP",0.03134,0,0,0,0,0,0,0,0,0,0,0,0,0,0,0,0,0.05774,0,3.19803,1.99232,1.43693,0,0,0,0,0,0,0,0,0,0,0,0.05081,2.40043,0,0,0,0,0,0,0,0,0,1.34101,14.62848,8.04388,0.52919,0,0.0075,0,0,0,0,2.08549,0,0,0,0,0,0,0.02993,0,0,0,0.23386,0.0173,7.00181,0,0,0,0,0,0,0,0,0,0.01829,0,0,0,0,0,0,0,0,0,0.03804,0,0.95028,0.03735,0.02544,0,0,0,0,0,0.35795,0.00503,0,0,0,1.05039,0,0,0,0,0,0,0.75869,0.1208,0.17862,0,3.25761,0,0.02612,0,0,0,0,0,0,0,0,0.07305,0,0,0,0,0.11281,0.12657,0.14074,0,0,0,0,0.05869,0.00702,0.24157,0,0.08636,0.36034,2.19848,0,0,7.0749,0,0,1.11397,0,0.19948,0,0.92083,0,0,0,0,0,0,0.11202,0,0.65961,0,5.85472,0.15941,0,0,0,0,0,0,0,0,0,0,0,0,0.08494,0.00587,4.72292,0,0,0,0,0,0,0,0,1.41038,0,0,0,0,0,0,0,0,0,0,0,0,0,0,0,0,0,0,0,0,0,0,0,0,0,0.49856,0,0,0,0,0.91659,0.55295,0,0,0,0,1.84203,0,0,0,0,0,0,0,0,0,0,0,0,0,0,0,0,0,0,2.57848,0.02385,0.07635,0,0,0,0,0,0.74739,0.64593,0.29768,0.09017,0,0,0,0,0,0,0,4.74829,2.38353,0,0,0.15622,0,0,0.53271,1.7318,1.51617,0,0.66962,0,0,0,0,0,0,0.49394,3.64893,0.07204,0.01847,0,0,0.12299,0,0,0,0,0,0
"7-tB",0,0,0,0,0,0,0,0,0,0,0,0,0,0,0,0,0,0,0,0.34384,0.2459,0,0,0,0,0,0,0,0,0,0,0,0,0,2.30422,0,0,0,0,0,0,0,0,0,1.23335,14.26888,25.07816,7.5018,0,0,0,0,0,0,0.46761,0,0,0,0,0,0,0,0,0,0,0.16684,0,1.55508,0,0,0,0,0,0,0,0,0,0,0,0,0,0,0,0,0,0,0,0,0,0.08572,0,0,0,0,0,0,0,0,0,0,0,0,0.05145,0,0,0,0,0,0,0.06339,0,0,0,0.49946,0,0,0,0,0,0,0,0,0,0,0.1022,0,0,0,0,0,0,0,0,0,0,0,0,0,0,0,0,0.09309,0.72763,0,0,27.17868,0,0,0.03575,0,0,0,2.70412,0,0,0,0,0,0,0,0,0,0,3.24663,0,0,0,0,0,0,0,0,0,0,0,0,0,0,0,1.34425,0,0,0,0,0,0,0,0,1.75039,0,0,0,0,0,0,0,0,0,0,0,0,0,0,0,0,0,0,0,0,0,0,0,0,0,0,0,0,0,0,0.71095,0,0,0,0,0,1.89556,0,0,0,0,0,0,0,0,0,0,0,0,0,0,0,0,0,0,0.90677,0,0,0,0,0,0,0,1.0729,0,0,0.66435,0,0,0,0,0,0,0,0.45506,0.99036,0,0,0.90366,0,0,0.69642,0,0.29823,0,0,0,0,0,0,0,0,0,0.35732,0,0,0,0,0,0,0,0,0,0,0
"7-tP",0,0,0,0,0,0,0,0,0,0,0,0,0,0,0,0,0,0.03257,0,4.56225,0.77982,2.3841,0,0,0,0,0,0,0,0,0,0,0,0.01497,7.58109,0,0,0,0,0,0,0,0,0,1.37743,19.43846,11.69917,0.35817,0,0.00955,0,0,0,0,2.71855,0,0,0.00276,0,0,0,0.03677,0,0,0.04898,0.17739,0.05355,2.62848,0,0,0,0,0,0,0,0,0,0.26729,0,0,0,0,0,0,0,0,0,0.02067,0,1.66222,0.05531,0.00851,0,0,0,0,0,0.56082,0.02045,0,0,0,1.31548,0.00497,0,0,0,0,0,0.594,0.1382,0.25563,0,3.85198,0,0.03487,0,0,0,0,0,0,0,0,0.07582,0,0,0,0,0.11177,0.31872,0.20604,0,0,0,0,0.04747,0,0,0.02973,0,0.33285,0.2003,0,0,4.34332,0,0,0.65736,0,0,0,0.41766,0,0,0,0,0,0,0,0,1.47204,0,1.41389,0.36438,0,0,0,0,0.00776,0,0,0,0,0,0,0,0.05876,0,5.51126,0,0.01932,0,0,0.00618,0,0,0,0.68436,0.00399,0,0,0,0,0,0,0,0,0,0,0,0,0.02352,0,0,0,0,0,0,0,0,0,0,0,0.22229,0,0,0,0,1.06116,0.71489,0,0,0,0,1.92559,0,0,0,0,0,0,0,0,0,0,0,0,0,0,0,0,0,0,2.09843,0,0.27638,0,0,0,0,0,0.20623,0.08029,0.04025,0.11216,0,0,0,0,0,0,0,4.09544,2.73624,0,0,0.05987,0,0,0.11915,2.30391,2.70705,0,0.66648,0,0,0,0,0,0,0.08913,0.63591,0.71989,0,0,0,0.12829,0,0,0,0,0,0
"70-rB",0,1.35827,0,0.07787,0,10.20455,8.98211,0,0,0,6.1207,0.6582,0,0,0,0,0,0,0,1.10884,0.10854,0,0.09818,0,0,0,0,0,0,0,0,0.32567,0.37771,0,19.81496,0,0,0,1.34891,0,0,0,0,0.00947,1.42669,0,9.52113,0,0,0,0,0,0,0,1.70573,0,0,0,0,0.1801,0,0,0,1.06851,0,0,0,0.17869,0,0,0,0,0,0,0,0,0,0,0,0,0,0,0,0,0,0,0,0,0,0.01163,0,0,0,0,0,0,0,0.0066,0.07158,0,0,0,0,0,0,0,0,0,0,0,0,0,0,0,0,0,0,0,0,0,0,0,0,0,0.85041,0,0,0.20296,1.11713,0,0.0662,0.02469,0,0,0,0,0,0,0,0,0,0,0.73701,0,0.11132,2.45204,0.30458,0,0.20099,0.08411,0.08139,0.2617,4.33998,0,0,0,0,0,0,0,0.5254,0.00265,0,0.08626,0,2.02443,0,0,0,0.01687,0.03576,0,0,0,0.0072,0,0.07078,0,0,0.19509,0,0,0,0,0,0,0,0,0,0,0,0,0,0.0165,0,0,0,0,0,0,0,0,0.67318,0,0,0,0,0,0,0,0.08422,0,0,0,0.10185,0.77264,5.67004,0,0.01828,0,0,0,0,0,0,0.22194,0,0,0,0,0,0,0,0,0,0,0,0,0,0,0,0,0,0,1.66493,0,0.035,0,0,0,0,0,0,0.943,0.61595,0,0,0,0,0,0,0,0,2.2659,6.97803,0,0,0.06628,0.96158,0,0,0,0.32224,0,0,0,0,0,0,0,0,0,0,0.00311,0,0,0,0.02172,0,0,0,0,0,0
"70-rP",0,1.48543,0,0.0293,0,8.43216,2.79594,0,0,0,10.81588,0.49362,0,0,0,0,0,0,0,0.746,0.37645,0.00639,0.04907,0,0,0,0,0,0,0,0,1.16853,0.35046,0,11.70316,0,0,0,6.52891,0,0,0,0,0.60879,2.81791,0,18.51887,0,0,0,0,0,0,0,0.95417,0,0,0,0,0.08776,0,0,0,0.30865,0,0,0,0.24553,0,0,0,0,0,0,0,0,0,0,0,0,0,0,0,0,0,0,0,0,0,0.01169,0,0,0,0,0,0,0,0,0.14069,0,0,0,0.02045,0,0,0,0,0,0,0,0,0,0,0,0,0,0,0,0,0,0,0,0,0,0.28199,0,0,0.17226,0.49243,0,0.03419,0,0,0,0,0,0,0,0,0,0,0,0.84239,0,0.24614,3.46972,0,0,0.87267,0.09447,0.19895,0.2127,1.4946,0,0,0,0,0,0,0,0.21972,0,0,0.21217,0,1.89769,0,0,0,0.00679,0,0,0,0,0,0,0.09671,0,0,0,0,0,0,0,0,0,0,0,0,0,0,0,0,0,0,0,0,0,0,0,0,0,0.22504,0,0,0,0,0,0,0,0,0,0,0,0,1.53479,2.55083,0,0.02247,0,0,0,0,0,0,0.17201,0,0,0,0,0,0,0,0,0,0,0,0,0,0,0,0,0,0,1.52894,0,0,0,0,0,0,0,0,0.05848,0.82241,0,0,0,0,0,0,0,0,5.31635,5.83769,0,0,0.37093,1.51631,0,0,0,0.49869,0,0,0,0,0,0,0,0,0,0,0,0,0,0,0.00364,0,0,0,0,0,0
"70-tB",0,1.37715,0,0.14894,0,9.08508,10.03026,0,0,0,9.23055,0.43638,0,0,0,0,0,0,0,0.77207,0.11622,0.00476,0.16639,0,0,0,0,0,0,0,0,0.13617,0.8747,0,6.76631,0,0,0,2.57239,0,0,0,0,0.05225,1.53444,0,7.94229,0,0,0,0,0,0,0,2.07513,0,0,0,0,0.07359,0,0,0,1.6612,0,0,0,0.04007,0,0,0,0,0,0,0,0,0,0,0,0,0,0,0,0,0,0,0,0,0,0,0,0,0,0,0,0,0,0,0.53264,0,0,0,0,0,0,0,0,0,0,0,0,0,0,0,0,0,0,0,0,0,0,0,0,0,0.21289,0,0,0.33468,1.52097,0,0.12511,0,0,0,0,0,0,0,0,0,0,0,1.55219,0,0.06045,1.99796,0.82269,0,0.04401,0.11582,0.04886,0.05492,4.16054,0,0,0,0,0,0,0,1.04374,0,0,0.26987,0,4.23271,0,0,0,0,0.0827,0,0,0,0,0,0.01744,0,0,0.26,0,0,0,0,0,0,0,0,0,0,0,0,0,0,0,0,0,0,0,0.07794,0,0,0.96197,0,0,0,0,0,0,0,0.26679,0,0,0,0.27692,0.8234,3.33306,0,0.04319,0,0,0,0,0,0,0.06528,0,0,0,0,0,0,0,0,0,0,0,0,0,0,0,0,0,0,0.93489,0,0.073,0,0,0,0,0,0,0.27726,0.45536,0,0,0,0,0,0,0,0,4.86741,12.75776,0,0,0.10058,1.37503,0,0,0,0.7236,0,0,0,0,0,0,0,0,0,0,0,0,0,0,0,0,0,0,0,0,0
"70-tP",0,1.59852,0,0.06249,0,7.7611,9.63066,0,0,0,6.11036,0.4139,0,0,0,0,0,0,0,1.01897,0.12999,0,0.11121,0,0,0,0,0,0,0,0,0.48586,1.16057,0,8.14135,0,0,0,7.62476,0,0,0,0,0.14863,2.62529,0,11.43261,0,0,0,0,0,0,0,0.99632,0,0,0,0,0.10303,0,0,0,0.56602,0,0,0,0.35802,0,0,0,0,0,0,0,0,0,0,0,0,0,0,0,0,0,0,0,0,0,0.02432,0.00251,0,0,0,0,0,0,0,0,0,0,0,0.01619,0,0,0,0,0,0,0,0,0,0,0,0,0,0,0,0,0,0,0,0,0,0.25646,0,0,0.17612,0.80188,0,0.06683,0,0,0,0,0,0,0,0,0,0,0,0.85709,0,0.21593,12.19634,1.23236,0,0.8018,0.19331,0.02033,0.17513,2.29829,0,0,0,0,0,0,0,0.42758,0.03738,0,0.03728,0,2.22737,0,0,0,0.00263,0.0241,0,0,0,0,0,0.02266,0,0,0.08891,0,0,0,0,0,0,0,0,0,0,0,0,0,0,0,0,0,0,0,0,0,0,0.4241,0,0,0,0,0,0,0,0.18634,0,0,0,0.09333,0.91262,4.39096,0,0,0,0,0,0,0,0,0.13122,0,0,0,0,0,0,0,0,0,0,0,0,0,0,0,0,0,0,1.36031,0,0.0517,0,0,0,0,0,0,0.18934,0.53569,0,0,0,0,0,0,0,0,3.90592,3.51793,0,0,0.3735,0.9394,0,0,0,0.30518,0,0,0,0,0,0,0,0,0,0,0,0,0,0,0,0,0,0,0,0,0
"71-rB",0,0,0,0.06557,0,0,3.31089,0.10697,0,0,3.65948,0,0,0,0,0,0,0,0,1.00742,0.11571,0,0.02095,0,2.38934,0.05722,0,0.64715,23.57151,0,0,0,0.27423,0,1.35597,6.45203,0,0,0.24638,0,0,6.68151,0,5.45316,2.98999,7.69515,10.65915,0.25799,0,0,0,0,0,0,0,0,0,0,0,0.10938,0,0,0.07502,0.19323,0.02626,0.81962,0,0,0,0,0,0,0,0,0,0,0,0.2809,0,0,0,0,0,0,0,0,0,0,0.58265,0.03568,0,0,0.09416,0,0,0,0.01913,0.11481,0.25027,0,0,0,0,0,0,0,0,0.51038,0,0.69736,0,0,0,0,0,0,0,0,0,0,0,0,0,0,0,0,0,0.00288,0.24179,0.0818,0.0708,0,0,0.42744,0,0,0,0.188,0,0,0,0,0,0,0,0,0,0,0,0,0.05359,0,3.87107,0,0,0,0,0,0,0,0,0,0,1.11551,0,0,0,0,0,0,0,0,0,0,0,0,0,0.08909,0.03552,0.10575,0,0,0,0,0,0,0,0.66587,0,0,0,0,0,0,0,0,0,0,0,0,0,0,0.82094,0,0,0,0,0,0,0,0,0,0,0,0,1.02449,0.05477,0,0,6.07961,0,1.78676,0,0,0,0,0,0,0,1.38316,0,0,0,0,0,0,0,0,0,0,0,0,0,0,0,0,0,0,0,0,0,0,0.25111,0,0,0,0,0,0,0,0,0.01859,0,0,0,0,0,0,0,0,0,0,0.79787,0,0.00696,0,0,0,0,0,0,0,0,0,0,0,0,0,0,0,0,0,0,0
"71-rP",0,0,0,0.05421,0,0,2.64493,0.00785,0,0,3.34995,0,0,0,0,0,0,0,0,1.59765,0.02161,0,0.01748,0,2.10921,0.14297,0,0.5143,36.63837,0,0,0,0.22925,0,1.5172,0.47555,0.05338,0,0.17646,0,0,4.93409,0,2.31782,6.74281,8.97579,4.42355,0.29719,0,0,0,0,0,0,0,0,0,0,0,0.14339,0,0,0,0.1888,0,0.45179,0,0.18215,0,0,0,0,0,0,0,0,0,0.08864,0,0,0,0,0,0,0,0,0,0,0.0053,0,0,0,0,0,0,0,0,0.0945,0,0,0,0,0,0,0,0,0,0,0,0.60541,0,0,0,0,0,0,0,0,0,0,0,0,0,0,0,0,0,0.16333,0.24809,0.01252,0.03879,0,0,0.49716,0,0,0,0.03203,0.04782,0,0,0,1.12081,0,0,0,0,0,0,0,0.57311,0,5.41732,0,0,0,0,0,0,0,0,0,0,0.31582,0,0,0,0,0,0,0.0335,0,0,0,0,0,0.05171,0.01961,0,0.01186,0,0,0,0,0,0,0,0.35921,0,0,0,0,0,0,0,0,0,0,0,0,0,0,0.4902,0,0,0,0,0,0,0,0,0,0,0,0,0.80996,0.08496,0,0,0.87713,0,2.37259,0,0,0,0,0,0,0,1.26039,0,0,0,0,0,0,0,0,0,0,0,0,0,0,0,0,0,0,0,0,0,0,2.6173,0,0,0,0,0,0,0,0,0.02126,0,3.10152,0,0,0,0,0,0,0,0,0.42043,0,0,0,0,0,0,0,0,0,0,0,0,0,0,0,0,0,0,0,0,0
"71-tB",0,0,0,0.17202,0,0,4.18403,0.13558,0,0,7.52121,0,0,0,0,0,0,0,0,0.81771,0.16961,0.0329,0.06786,0,0.40309,0.19038,0,1.92797,13.8283,0,0,0,0.57074,0,0.16152,2.74955,0,0,0,0,0,1.7501,0,3.35696,3.03593,2.3691,1.67265,0.01639,0,0,0,0,0,0,0,0,0,0,0,0.5375,0,0,0.39975,0.16933,0.01541,5.66729,0,0.03024,0,0,0,0,0,0,0,0,0,0.57373,0,0,0,0,0,0,0,0,0,0,0.01133,0,0,0,0,0,0,0,0,0.32171,0.11838,0,0,0,0,0,0,0.25131,0,0.50721,0,2.65864,0,0,0,0,0.00941,0,0,0.0465,0,0,0,0,0,0,0,0,0,0.36436,1.51703,0.09236,0.30644,0.08508,0,3.49991,0,0,0,0.09711,0.14188,0,0,0,1.7917,0,0,0,0,0,0,0,0.22294,0,10.34555,0,0,0,0,0,0,0,0,0,0,1.53696,0,0,0,0,0,0,0.23861,0,0,0,0.00193,0,0.22231,0.21857,0.06337,1.20951,0,0,0,0,0,0,0,0.67127,0,0,0,0,0,0,0,0,0,0,0,0,0,0,1.41391,0,0,0,0,0,0,0,0,0,0,0,0,0.39547,0.15626,0,0,3.71086,0,1.13615,0,0,0,0,0,0,0,2.1386,0,0,0,0,0,0,0,0,0,0,0,0,0,0,0,0,0,0,0,0,0,0,0.45986,0,0,0,0,0,0,0,0,0.11185,0,8.29312,0,0,0,0,0,0,0,0,3.10569,0,0,0,0,0,0,0,0,0,0,0,0,0,0,0,0,0,0,0,0,0
"71-tP",0,0,0,0.00422,0,0,1.58681,0.00682,0,0,5.1369,0,0,0,0,0,0,0,0,2.50806,0.11327,0,0.00488,0,0.60251,0.17524,0,0.31922,31.46127,0,0,0,0.255,0,0.43576,1.63708,0,0,0.42161,0,0,2.95471,0,0.90561,6.91157,4.57286,9.49209,0.07662,0,0,0,0,0,0,0.15067,0,0,0,0,0.39872,0,0,0,0.22666,0,1.76384,0,0.21374,0,0,0,0,0,0,0,0,0,0,0,0,0,0,0,0,0,0,0,0,0.04407,0,0,0,0,0,0,0,0,0.15321,0.01842,0,0,0,0,0,0,0,0,0.18815,0,1.11186,0,0,0,0,0,0,0,0,0,0,0,0,0,0,0,0,0,0.23863,0.91645,0.00227,0.06267,0,0,0.71013,0.05665,0,0,0.18747,0.21524,0,0,0,1.30287,0,0,0,0,0,0,0,0.78386,0,10.03205,0,0,0,0,0,0,0,0,0,0,0.69998,0,0,0,0,0,0,0.00439,0,0,0,0,0,0.02504,0,0,0,0,0,0,0,0,0,0,0,0,0,0,0,0,0,0,0,0,0,0,0,0,0,0.41917,0,0,0,0,0,0,0,0,0,0,0,0,1.04461,0.26554,0,0,2.65015,0,1.90698,0,0,0,0,0,0,0,1.44195,0,0,0,0,0,0,0,0,0,0,0,0,0,0,0,0,0,0,0,0,0,0,2.51586,0,0,0,0,0,0,0,0,0.05117,0,0.456,0,0,0,0.09579,0,0,0,0,0.06362,0,0,0,0,0,0,0,0,0,0,0,0,0,0,0,0,0,0,0,0,0
"76-rP",0,0,0,0.28893,0,0.7327,6.30863,0,0,0,3.77256,0.12899,0,0,0,0,0,0,0,3.31875,0.12888,0.03847,0.32655,0,0,0,0,0,0,0,0,0.59777,0,0,0.08729,0.59345,0,0,0.55411,0,1.61762,1.00894,0,8.7386,0.60519,13.77163,8.06184,0,0,0,0,0,0,0,0,0,0,0,0,0.10547,0,0,0.07455,0,0,0.31409,0.19961,5.51329,0,0,0,0,0,0,0,0,0,0,0,0,0,0,0,0,0,0,0,0,0,0.07687,0,0,0.11289,0,0,0,0,0,0.09396,0,0,0,0,0,0,0,0,0.04816,0,0.51124,0,0.20058,3.53117,0,0,0.00346,0,0,0,0,1.46957,0,0,0,0,0,0,0,0,0.94601,0.38236,0.06697,0,0,0,0,0,0.0454,0,0,0,0,2.36168,0,0,0,7.50953,0,0,0.01787,0,0,1.48585,0,0,0.14556,0,0.03071,0,0,2.00793,0,0,1.40857,0,8.10531,0,0,0,0,0.17846,0,0,0,0.00347,0,0,0,0,0.39482,0,0,0,0,0,0,0,0,2.24592,0,0,0,0,0,0,0,0,0,0,0,0,0,0.95663,0,0,0,0,0,0,0,0,0,0,0,0,0.6006,0,0,0,0,0.29368,0,0,0,0,0,0,0,0,0,0,0,0,0,0,0,0,0,0,0,0,0,0,0.02725,0,0,0,0,0,0,0,0,0,0.18325,0,0,0,0,0,0,0,0,0,0,6.08367,0,0,0.12078,0,0,0,0,0.93662,0,0.11091,0,0,0,0,0,0,0.09352,0.20105,0.11982,0,0,0,0,0,0,0,0,0,0
"76-tB",0,0,0,0.38562,0,4.11751,31.82541,0,0,0,2.94145,0.35045,0,0,0,0,0,0,0,2.78311,0.11704,0.0306,0.4091,0,0,0,0,0,0,0,0,0.05911,0,0,0,0.16882,0,0,0.60492,0,0.5486,0.67491,0,3.957,0.17989,4.54334,5.78848,0,0,0,0,0,0,0,0,0,0,0,0,0.16557,0,0,0.14768,0,0,0.49503,0.08635,4.0394,0,0,0,0,0,0,0,0,0,0,0,0,0,0,0,0,0,0,0,0,0.01458,0.06583,0,0,0.08604,0,0,0,0,0,0,0,0,0,0,0,0,0,0,0,0,0.23479,0,0.07652,3.46136,0,0,0.01402,0,0,0,0,1.26826,0,0,0,0,0,0,0,0,0.57933,0.56624,0.27052,0,0,0,0,0,0.03353,0,0,0,0,4.02977,0,0,0,3.40664,0,0,0.12251,0,0,3.06052,0,0,0.10097,0,0.19094,0,0,3.75088,0.134,0,0.90715,0,2.00227,0,0,0,0,0.4526,0,0,0,0,0,0.00237,0,0,0.04204,0,0,0,0,0,0,0,0,1.33558,0,0,0,0,0,0,0,0,0,0,0,0,0,0.57081,0,0,0,0,0,0,0,0,0,0,0,0,0.22445,0,0,0,0,0.45306,0,0,0,0,0,0,0,0,0,0,0,0,0,0,0,0,0,0,0,0,0,0,0,0,0,0,0,0,0,0,0,0,0.25785,0,0,0,0,0,0,0,0,0.0156,0,6.64783,0,0,0.01362,0,0,0,0,0.83459,0,0.06843,0,0,0,0,0,0,0.02906,0.23468,0.02135,0,0,0,0,0,0,0,0,0,0
"76-tP",0,0,0,0.37686,0,5.64265,13.48912,0,0,0,2.60115,0.31099,0,0,0,0,0,0,0,4.41916,0.12093,0.05895,0.41254,0,0,0,0,0,0,0,0,0.12002,0,0,0.26169,0.27293,0,0,0.28804,0,0.40848,1.0417,0,10.09949,0.25998,8.52187,5.78062,0.14274,0,0,0,0,0,0,0,0,0,0,0,0.15075,0,0,0.06938,0,0,0.51785,0.22419,2.76279,0,0,0,0,0,0,0,0,0,0,0,0,0,0,0,0,0,0,0,0,0.04023,0.067,0,0,0.0756,0,0,0,0,0,0.09232,0,0,0,0,0,0,0,0,0.0594,0,0.44269,0,0.14143,5.28369,0,0,0.00407,0,0,0,0,1.38429,0,0,0,0,0,0,0,0,0.92379,0.50997,0.17174,0.00278,0,0,0,0,0.09643,0,0,0,0,3.41588,0,0,0,3.10888,0,0,0.01835,0,0,0.63344,0,0,0.23902,0,0.06469,0,0,3.13742,0,0,1.18402,0,9.55184,0,0,0,0,0.33863,0,0,0,0,0,0,0,0,0.13559,0,0,0,0,0,0,0,0,1.95377,0,0,0,0,0,0,0,0,0,0,0.00437,0,0,0.54246,0,0,0,0,0,0,0,0,0,0,0,0,0.32632,0,0,0,0,0.40955,0,0,0,0,0,0,0,0,0,0,0,0,0,0,0,0,0,0,0,0,0,0,0,0,0,0,0,0,0,0,0,0,0.24594,0,0,0,0,0,0,0,0,0,0,5.87289,0,0,0.00984,0,0,0,0,0.82074,0,0.01317,0,0,0,0,0,0,0.03826,0.24991,0.01016,0.02458,0,0,0,0,0,0,0,0,0
"77-rB",0,0,0,0.26425,0,0,0.19288,0,0,0,9.92998,0,0,0,0,0,0,0,0,0,0,0.00918,0.17283,0.96136,0,0,0,0.28851,0,0,0,0,0.00827,0,0,0.85737,0,0,3.60928,0,0,0.94419,0,29.23107,1.34529,7.07587,12.39849,0.27039,0,0,0,0,2.3722,0,0,0,0,0,0.0829,0,0,0.23368,0,0,0.11035,0.5267,0,7.592,0,0,0.08691,0,0,0,0,0,0,0,0,0,0,0,0,0,0,0,0,0,0.0305,0.08795,0,0,0.2249,0,0,0,0.23057,0.00207,0,0,0.03273,0,0.10195,0.02167,0,0,0,0,0,0,0,0,0,0,0,0,0,0,0,0,0,0,0,0,0,0,0,0,0,0.2835,0.21508,0.05156,0,0,0,0,0,0.30594,0,0,0,0.92874,0.1737,0,0,0,0,0,0,0,0,0,0,0,0,0,0,0,0,0,0,0,0,1.2172,0,0,0,0,0,0.13561,0.02579,0,0,0,0,0,0,0,0,0,0,0.17443,0,0,0,0,0,0,0,0,0,0,0,0.00887,0,0,0,0,0,0,0.00814,0,0.15722,0,0.00318,0,0,0,0,3.43317,0,0,0,0,0,0,0,0,0,2.04779,0,0,1.70469,0,0,0,0,0,0,0.59349,0,0,0,0,0,0,0,0,0,0,0,0,0,0,0,0,0,0,0,0,0,0,0,0,0,0,0,0,0,0,0,0,0,0,0,0,0,2.03506,0,0,0,6.85389,0.1775,0,0,0,0,0,0,0,0,0,0.00316,0.16602,0,0,0,0,0,0,0,0,0,0
"77-rP",0,0,0,0.12199,0,0,0.21135,0,0,0,5.68735,0,0,0,0,0,0,0,0,0,0,0,0.0725,1.06534,0,0,0,0.57594,0,0,0,0,0.1787,0,0,0.88071,0,0,1.88063,0,0,0.56712,0,34.98122,2.57067,8.83309,15.4178,0.25387,0,0,0,0,0.00829,0,0,0,0,0,0,0,0.0011,0.32979,0,0,0.11254,0.58576,0,10.11927,0,0,0,0,0,0,0,0,0,0,0,0,0,0,0,0,0,0,0,0,0,0.09182,0,0,0.44877,0,0,0,0.10155,0,0.0888,0,0,0,0.17968,0.0061,0,0,0,0,0,0,0,0,0,0,0,0,0,0,0,0,0,0,0,0,0,0,0,0,0,0.17942,0.12176,0,0,0,0.06821,0,0,0.10566,0,0,0,0.00502,0.17526,0,0,0,0,0,0,0,0,0,0,0,0,0,0,0,0,0,0,0,0,0.71308,0,0,0,0,0,0,0.0247,0,0,0,0,0,0,0,0,0,0,0,0,0,0,0,0,0,0,0,0,0,0,0,0,0.04678,0,0,0,0,0,0,0.02771,0,0,0,0,0,0,3.53367,0,0,0,0,0,0,0,0,0,1.53454,0,0,1.70618,0,0,0,0,0,0,0.56359,0,0,0,0,0,0,0,0,0,0,0,0,0,0,0,0,0,0,0,0,0,0,0,0,0,0,0,0,0,0,0,0,0,0,0,0,0,1.15511,0,0,0,4.61474,0.05281,0,0,0,0,0,0,0,0,0,0,0,0,0,0,0,0,0,0,0,0,0
"77-tB",0,0,0,0.02911,0.00381,0,0,0,0,0,0.67519,0,0,0,0,0,0,0,0,0.40255,0.44387,0.21471,0.02568,0.03756,0,0,0,0.16231,0,0,0,0,0.32908,0,2.06545,0.12227,0,0,0.81436,0,0,0.04072,0,9.81198,1.08652,14.30444,24.65931,6.08825,0,0,0,0,0.55253,0,0.67828,0,0,0,0,0,0,0.05116,0,0,0,0.6345,0.03928,5.00407,0,0,0,0,0,0,0,0,0,0.01539,0,0,0,0,0,0,0,0,0,0,0,0.14733,0,0,0.07947,0.19777,0,0,0,0.09473,0,0,0,0,0.48005,0,0,0,0,0,0,0.17833,0.02506,0.13995,0,1.14389,0,0.00224,0,0,0,0,0,0,0,0,0.04379,0,0,0,0,0.10587,0.07182,0.06797,0,0,0,0,0,0.00131,0,0,0,0.26338,1.05871,0,0,8.80644,0,0,0.43275,0,0,0,0.86018,0,0,0,0,0,0,0.02746,0,0.0493,0,2.85812,0,0,0,0,0,0.01931,0,0,0,0,0,0,0,0,0.10231,0.99566,0,0,0,0,0,0,0,0,0.85706,0,0,0,0,0,0,0,0,0,0,0,0,0,0.00228,0,0,0,0,0,0,0.70268,0,0,0,0,0.60836,0,0,0,0,0.85961,0.04985,0,0.2577,0,0,1.93014,0,0,0,0.12606,0,0,0,0,0,0,0,0,0,0,0,0,0,0,1.63563,0,0,0,0,0,0,0,0.34977,0.02131,0.07408,0.19845,0,0,0,0,0,0,0,0.8884,1.15085,0,0,0.48783,0,0,0.39353,0.64321,0.73292,0,0.37441,0.01504,0.27674,0,0,0,0,0.09343,0.3345,0.29153,0,0,0,0.09904,0,0,0,0,0,0
"77-tP",0,0,0,0.06745,0,0,0.12717,0,0,0,4.96716,0,0,0,0,0,0,0,0,0,0,0,0.04125,0.50629,0,0,0,0.90259,0,0,0,0,0.0359,0,0,1.0493,0,0,2.64092,0,0,0.4001,0,48.25288,1.19341,14.86815,8.77744,0.16398,0,0,0,0,0.18289,0,0,0,0,0,0,0,0,0.03196,0,0,0.10259,0.871,0,4.48226,0,0,0,0,0,0,0,0,0,0,0,0,0,0,0,0,0,0,0,0,0,0.03773,0,0,0.40073,0,0,0,0.05167,0,0.29572,0,0,0,0.06224,0,0,0,0,0,0,0,0,0,0,0,0,0,0,0,0,0,0,0,0,0,0,0,0,0,0,0.11127,0.05811,0.14181,0,0,0,0,0,0.14488,0,0,0,0.44695,0.1644,0,0,0,0,0,0,0,0,0,0,0,0,0,0,0,0,0,0,0,0,0.7174,0,0,0,0,0,0.01815,0.0019,0,0,0,0,0,0,0,0.00242,0,0,0,0,0,0,0,0,0,0,0,0,0,0.05076,0.05314,0,0,0,0,0,0,0,0,0.03493,0,0,0,0,0,0,1.98515,0,0,0,0,0,0,0,0,0,2.5399,0,0,1.18724,0,0,0,0,0,0,0.21799,0,0,0,0,0,0,0,0,0,0,0,0,0,0,0,0,0,0,0,0,0,0,0,0,0,0,0,0,0,0,0,0,0,0,0,0,0,0.81638,0,0,0,0.55557,0.158,0,0,0,0.0404,0,0,0,0,0,0,0.04047,0,0,0,0,0,0,0,0,0,0
"79-rB",0,0,0,0.00167,0.02405,0.2274,0.05233,0,0,0,1.94462,0,0,0,0,0,0,0,0,0.48625,0,0,0.02864,0.30452,0,0,0,0,0,0,0,0.75265,0,0,0,0.44178,0,0,0.72734,0,0,0,0,0.55978,0.20178,0.11693,4.84193,0,0,1.36993,0,0,0,0,0.09568,0,0,0,0,0.00155,0,0,0,0.50719,0,0,0,0.10993,0,0,0,0,0,0,0,0,0,0,0.05381,0,0,0,0,0,0,0,0,0,0,0,0,0,0,0,0,0,0,0,0,0,0,0,0,0,0,0,0,0.00771,0,0,0.01044,0,1.23877,0,0,0,0,0,0,0.14628,0.30768,0,0,0,0.58866,0,0,0.04632,0.75293,0,0,0,0,0,0,0,0,0,0,0,0,0,0.56898,0,0.1758,2.27767,0,0,0.24662,0,0,0.0447,2.14462,0,0,0,0,0,0,0,0,0,0,0.08258,0,1.66862,0,0,0,0.15338,0,0,0.01626,0,0,0,0,0,0,0,0,0,0,0,0,0,0,0,0.83135,0,0,0,0,0,0,0,0,0,0,0,0,0,0.01823,0,0,0,0,0,0,0,0,0,0,0,0,0.35175,0,0,0,1.62162,0,0,3.69981,0,0,0.55434,0,0,0,0,0,0,64.80073,0,0,0,0,0,0,0,0,0,0,0,0.09586,0,0,0,0,0,0,0,1.10799,0.0258,0.11486,0.26041,0,0,0,0,0,0,0,0.6407,0,0,0,0,0.43659,0,0,0.21633,0,0,0,0,0,0,0,0,0,0,0.00864,1.85029,0,0,0,0.03692,0,0,0,0,0,0
"79-rP",0,0,0,0.05746,0.25119,2.65744,0.51783,0,0,0,8.93524,0,0,0,0,0,0,0,0,0.75276,0,0,0.10966,0.9942,0.107,0,0,0,0,0,0,1.45779,0,0,0,0.55672,0,0,2.26622,0,0,0,0,3.00333,0.80566,0.70553,13.12431,0.02459,0,2.03703,0,0,0,0,0.77381,0,0,0,0,0.03121,0,0,0,0.48305,0,0.02128,0,0.14824,0,0,0,0,0,0,0,0,0,0,0.04588,0,0,0,0,0,0,0,0,0,0,0,0,0,0,0,0,0,0,0,0,0,0,0,0,0,0,0,0,0.10354,0,0,0.04825,0,2.00519,0,0,0.01702,0,0,0,0,0.63273,0,0,0,1.1298,0,0,0.12061,1.6725,0,0,0,0,0,0,0,0,0,0.02731,0,0,0.22925,0.93179,0,0.27168,1.77954,0.00994,0,0,0,0.02734,0.09495,8.51231,0,0,0,0,0,0,0,0.31789,0,0,0.88632,0,0.99169,0,0,0,0.25734,0,0,0,0,0,0,0,0,0.05337,0,0,0,0,0,0,0,0,0,0.6325,0,0,0,0,0,0,0,0.08441,0,0,0,0,0,0.25784,0,0,0,0,0,0,0,0,0,0,0,0.18057,0.86876,0.01031,0,0,1.36475,0.02292,0,1.79529,0,0,1.20031,0,0,0,0,0,0,26.66943,0,0,0,0,0,0,0,0,0,0,0,0.25049,0,0,0,0,0,0,0,1.81516,0.10744,0.04028,0.38386,0,0,0,0,0,0,0,0.41563,0,0,0,0,1.11696,0,0,0.33204,0.09564,0,0,0,0,0,0,0,0,0,0.04167,2.11746,0,0,0,0.20849,0,0,0,0,0,0
"79-tB",0,0,0,0.02835,0,5.68366,2.00701,0,0,0,8.59809,0,0,0,0,0,0,0,0,0.96659,0,0,0.05973,0.67333,1.11034,0,0,0,0,0,0,1.32887,0,0,0,0.55274,0,0,2.71569,0,0,0,0,2.18098,0.80788,0.10446,10.15223,0.0749,0,2.29763,0,0,0,0,0.21759,0,0,0,0,0.04216,0,0,0,0.55462,0,0,0,0.19638,0,0,0,0,0,0,0,0,0,0,0,0,0,0,0,0,0,0,0,0,0,0,0,0,0,0,0,0,0,0,0.00418,0,0,0,0,0,0,0,0,0.01143,0,0.07783,0,0,1.4408,0,0,0.00483,0,0,0,0.26598,0.33802,0,0,0,1.42452,0,0,0.09774,1.52786,0,0,0,0,0,0,0,0,0,0,0,0,1.31846,0.79405,0,0.22349,4.65387,0.30813,0,0.39789,0,0,0.01562,5.04575,0,0.04639,0,0,0,0,0,0.159,0,0,0.49755,0,1.38353,0,0,0,0.16819,0.01971,0,0,0,0,0,0.0501,0,0.00157,0,0,0,0,0,0,0,0,0,2.29832,0,0,0,0,0,0,0,0,0,0,0,0,0,0.25195,0,0,0,0,0,0,0,0,0,0,0,0.03943,0.7794,0,0,0,1.6175,0.28794,0,2.52676,0,0,1.51989,0,0,0,0,0,0,21.36636,0,0,0,0,0,0,0,0,0,0,0,0.25589,0,0,0,0,0,0,0,0.7736,0.36864,0,0.25698,0,0,0,0,0,0,0,3.59381,0,0,0,0,1.21421,0,0,0.19764,0.0749,0,0,0,0,0,0,0,0,0,0.03736,1.75427,0,0,0.01948,0.13597,0,0,0,0,0,0
"79-tP",0,0,0,0,0.02754,1.29402,0.28002,0,0,0,3.04972,0,0,0,0,0,0,0,0,0.51014,0,0,0.02689,0.52633,0.2777,0,0,0,0,0,0,0.83089,0,0,0,0.17945,0,0,2.13648,0,0,0,0,0.53148,0.36781,0.86365,3.08638,0,0,3.31388,0,0,0,0,0.24475,0,0,0,0,0.01682,0,0,0,0.3416,0,0,0,0.17393,0,0,0,0,0,0,0,0,0,0,0,0,0,0,0,0,0,0,0,0,0,0,0,0,0,0,0,0,0,0,0,0,0,0,0,0,0,0,0,0,0,0,0,0,0.86233,0,0,0.01072,0,0,0,0,0.17992,0,0,0,0.76486,0,0,0.11232,0.65517,0,0,0,0,0,0,0,0,0,0,0,0,0.33891,0.67007,0,0.0629,5.63919,0,0,0,0,0,0.05219,5.96645,0,0.0013,0,0,0,0,0,0.05492,0,0,0.3388,0,0.85045,0,0,0,0.11128,0,0,0,0,0,0,0,0,0,0,0,0,0,0,0,0,0,0,0.67862,0,0,0,0,0,0,0,0,0,0,0,0,0,0.06969,0,0,0,0,0,0,0,0,0,0,0,0.02318,0.44669,0,0,0,1.60654,0,0,1.79671,0,0,0.8138,0,0,0,0,0,0,54.69179,0,0,0,0,0,0,0,0,0,0,0,0.14185,0,0,0,0,0,0,0,1.09832,0.12345,0.08317,0.17569,0,0,0,0,0,0,0,2.07731,0,0,0,0,0.47794,0,0,0.10732,0.03082,0,0,0,0,0,0,0,0,0,0.02547,0.71198,0,0,0,0.06838,0,0,0,0,0,0
"81-rB",0,0,0,0.13142,0,0,0,0,0,0,0,0,0,0,0,0,0,0,0,0,0.30011,0.08077,0.24792,0,0,4.62317,0,22.8874,0,0,0,0,0,0,0,0,0.19755,0.10247,1.81106,0,0,0,0,0,2.6393,14.83031,0,0,0,0,0,0,0,0,0,0,0,0,0,0.21496,0,0.0053,0.09204,0,0,0.56638,0,3.80545,0,0,0.04229,0,0,0,0,0,0,0,0,0,0,0,0,0,0,0,0,0,0,0.07017,0,0,0,0,0,0,0,0.06571,0,0,0,0,0,0,0,0,0,0.96526,0,1.55917,0.03931,0,0,0,0,0,0,0,0,0,0,0,0,0,0,0,0,0.2486,0.2513,0.01346,0.17223,0,0,0,0,0,0,0,0,0,0,0.17073,0,0,0,1.47982,0.25232,0,0,0,0,0,9.26446,0,0,0,0,0,0,0,0,0,0,1.18179,0,3.35808,0,0,0,0,0.04373,0,0,0,0,0,0,0,0,1.33931,0,0,0,0,0,0,0,0,0.59273,0,0,0,0,0,0,0,0,0,0,0,0,0,2.50876,0,0,0,0,0,0,0,0,0,0,0,0.1641,0,0,0,0,1.57315,0,0,1.71706,0,0,3.56332,0,0,0,0,0,0,0,0,0,0,0,0,0,0,0,0,0,0,0.10704,0,0,0,0,0,0,0,0,0.46389,4.49843,0.22981,0,0,0,0,0,0,0,6.36659,4.80243,0,0,0.02623,0,0,0,0,0.18354,0,0,0,0,0,0,0,0,0,0,0,0,0,0,0.01524,0.13428,0,0,0,0,0
"81-rP",0,0,0,0.07041,0,0,0,0,0,0,0,0,0,0,0,0,0,0,0,0,0.29918,0.09849,0.16274,0,0,3.22055,0,21.9406,0,0,0,0,0,0,0,0,0.13471,0.29836,2.17877,0,0,0,0,0,0.85559,10.66541,0,0,0,0,0,0,0,0,0,0,0,0,0,0.10367,0,0,0.00599,0,0,0.73239,0,3.93687,0,0,0.00439,0,0,0,0,0,0,0,0,0,0,0,0,0,0,0,0,0,0,0.11112,0,0,0,0,0,0,0,0.05229,0,0,0,0,0,0,0,0,0,0.66465,0,1.34314,0.05924,0,0,0,0,0,0,0,0,0,0,0,0,0,0,0,0,0.3319,0.7752,0,0.1252,0,0,0,0,0,0,0,0,0,0,0.31544,0,0,0,1.66774,0.95606,0,0,0,0,0,10.63736,0,0,0,0,0,0,0,0,0,0,0.97402,0,1.80729,0,0,0,0,0.02195,0,0,0,0,0,0,0,0,1.33582,0,0,0,0,0,0,0,0,0.62651,0,0,0,0,0,0,0,0,0,0,0,0,0,1.65254,0,0,0,0,0,0,0,0,0,0,0,0.23629,0,0,0,0,2.67159,0,0,1.8592,0,0,3.00129,0,0,0,0,0,0,0,0,0,0,0,0,0,0,0,0,0,0,0.12012,0,0,0,0,0,0,0,0,3.80416,1.75757,0.79157,0,0,0,0,0,0,0,12.58472,4.55116,0,0,0.00981,0,0,0,0,0.32362,0,0,0,0,0,0,0,0,0,0.02648,0,0,0,0,0.00555,0.09128,0,0,0,0,0
"81-tB",0,0,0,0.19391,0,0,0,0,0,0,0,0,0,0,0,0,0,0,0,0,0.74069,0.27382,0.48482,0,0,5.86388,0,19.51712,0,0,0,0,0,0,0,0,0.16742,0.07828,2.62507,0,0,0,0,0,2.10902,8.99257,0,0,0,0,0,0,0,0,0,0,0,0,0,0.3038,0,0.00365,0.07019,0,0,0.72764,0,4.40479,0,0,0.00931,0,0,0,0,0,0,0,0,0,0,0,0,0,0,0,0,0,0.0074,0.0753,0,0,0,0,0,0,0,0.02561,0,0,0,0,0,0,0,0,0,0.99808,0,1.79126,0.13789,0.02829,0,0,0,0,0,0,0,0,0,0,0,0,0,0,0,0.56722,0.39477,0.07494,0.31784,0,0,0,0,0,0,0,0,0,0,0.89086,0,0,0,0.94977,0.55005,0,0,0,0,0,12.33878,0,0,0.0675,0,0,0,0,0,0,0,0.9356,0,2.5732,0,0,0,0,0.09853,0,0,0,0,0,0,0,0,0.77852,0,0,0,0,0,0,0,0,0.82281,0,0,0,0,0,0,0,0,0,0,0,0,0,1.28707,0,0,0,0,0,0,0,0,0,0,0,0.31858,0,0,0,0,1.9431,0,0,3.22824,0,0,3.64919,0,0,0,0,0,0,0,0,0,0,0,0,0,0,0,0,0,0,0.13593,0,0,0,0,0,0,0,0,3.65566,1.47745,0.06049,0,0,0,0,0,0,0,6.35247,5.83308,0,0,0.28975,0,0,0,0,0.50346,0,0,0,0,0,0,0,0,0,0,0.04207,0,0,0,0,0.23324,0,0,0,0,0
"81-tP",0,0,0,0.06579,0,0,0,0,0,0,0,0,0,0,0,0,0,0,0,0,0.2328,0.08285,0.12508,0,0,3.06884,0,18.4352,0,0,0,0,0,0,0,0,0.16385,0.13358,1.87524,0,0,0,0,0,1.93502,12.44297,0,0,0,0,0,0,0,0,0,0,0,0,0,0.1235,0,0,0.01854,0,0,0.54094,0,5.56854,0,0,0.02443,0,0,0,0,0,0,0,0,0,0,0,0,0,0,0,0,0,0,0.12398,0,0,0,0,0,0,0,0.04897,0,0,0,0,0,0,0,0,0,0.97537,0,0.91081,0.09112,0,0,0,0,0,0,0,0,0,0,0,0,0,0.05129,0,0,0.17806,0.28273,0,0.05865,0,0,0,0,0,0,0,0,0,0,0.48666,0,0,0,1.70937,0.16461,0,0,0,0,0,18.82504,0,0,0,0,0,0,0,0,0,0,0.76288,0,2.4616,0,0,0,0,0.01659,0,0,0,0,0,0,0,0,0.77075,0,0,0,0,0,0,0,0,0.99556,0,0,0,0,0,0,0,0,0,0,0,0,0,0.5634,0,0,0,0,0,0,0,0,0,0,0,0.07055,0,0,0,0,1.7126,0,0,2.0593,0,0,2.18711,0,0,0,0,0,0,0,0,0,0,0,0,0,0,0,0,0,0,0.06206,0,0,0,0,0,0,0,0,4.22197,2.57624,0.7253,0,0,0,0,0,0,0,8.01878,3.50829,0,0,0.09641,0,0,0,0,0.30547,0,0,0,0,0,0,0,0,0,0,0,0,0,0,0,0.14128,0,0,0,0,0
"84-rB",0,0,0,0,0.04839,0,0,0,0,0,0,0.15791,0,0,0,0,0,0,0,2.25863,0.0157,0,0,0,0,0,2.7612,0,0,3.9455,0,0,0,0,0,0,0,0,0.62576,0,0,0,0.29915,38.46228,0,1.92233,21.20145,0,1.62909,0,0,0,0,0,0,0,0,0,0,0,0,0,0,0.06958,0,0.24944,0,0.28445,0,0,0.1182,0,0,0,0,0,0,0,0,0,0,0,0,0,0,0,0,0,0.00218,0,0,0,0,0,0,0,0,0,0,0,0,0,0,0,0,0,0,0.37929,0,0.31781,0,0,0.71791,0,0,0,0,0,0,0,0.13252,0,0,0,0,0,0,0.1972,0,0.2993,0,0,0,0,0,0,0,0.05674,0,0,0,0,0.39472,0,0.21727,0.3558,0,0,0,0,0,0,0.73782,0,0,0,0,0,0,0,0,0,0,0.27458,0,2.80538,0,0,0,0,0,0,0,0,0,0,0.02179,0,0,0,0,0,0,0,0,0,0,0,0,0,0,0,0,0,0,0,0,0,0,0,0,0,0,0,0,0,0,0,0,0,0,0,0,0,0,0,0,0,0,3.03913,0,0,7.67837,0,0,0,0,0,0,0,0,0,0,0,0,0,0,0,0,0,0,0,0,0,0,0,0,0,0,0,0,0,0,0,0,0.15495,0,0,0,0,0,0,0,0,0,0,0,0.49553,0,0,0,7.57515,0.04299,0,0,0,0,0.0545,0,0,0,0,0,0,0,0,0,0,0,0,0,0,0,0
"84-rP",0,0,0,0,0,0,0,0,0,0,0,0.13865,0,0,0,0,0,0,0,5.04285,0,0,0,0,0,0,3.90995,0,0,1.8452,0,0,0,0,0,0,0,0,0.88161,0,0,0,0.55029,41.9846,0,1.41585,20.6038,0,1.98404,0,0,0,0,0,0,0,0,0,0,0,0,0,0,0.26086,0,0,0,1.41318,0,0,0,0,0,0,0,0,0,0,0,0,0,0,0,0,0,0,0,0,0,0,0,0,0,0,0,0,0,0,0,0,0,0,0,0,0,0,0,0.51865,0,0.50523,0,0,0.77672,0,0,0,0,0,0,0,0.33931,0,0,0,0,0,0,0,0,0,0,0,0,0,0,0,0,0,0,0,0,0,0.68269,0,0,0.16314,0,0,0,0,0,0,1.18823,0,0,0,0,0,0,0,0,0,0,0.2513,0,1.35825,0,0,0,0,0,0,0,0,0,0,0,0,0,0,0,0,0,0,0,0,0,0,0,0,0,0,0,0,0,0,0,0,0,0,0,0,0,0,0,0,0,0,0,0,0,0,0,0,0,0,0,0,0,2.31138,0,0,5.95976,0,0,0,0,0,0,0,0,0,0,0,0,0,0,0,0,0,0,0,0,0,0,0,0,0,0,0,0,0,2.64424,0,0,0.38284,0,0,0,0,0,0,0,0,0,0,0,0.32062,0,0,0,2.56677,0,0,0,0,0,0,0,0,0,0,0,0,0,0,0,0,0,0,0,0,0,0
"84-tB",0,0,0,0.00635,0.21305,0,0,0,0,0,0,0.20474,0,0,0,0,0,0,0,2.76964,0.01585,0,0.02301,0,0,0,4.90145,0,0,2.1409,0,0,0,0,0,0,0,0,0.92475,0,0,0,0.6983,41.39212,0,1.09541,12.66042,0,1.13291,0,0,0,0,0,0,0,0,0,0,0,0,0,0,1.2487,0,0.06615,0,0.9562,0,0,0.0078,0,0,0,0,0,0,0,0,0,0,0,0,0,0,0.00847,0,0,0.03532,0.01799,0,0,0,0,0,0,0,0,0,0,0,0,0,0,0,0,0,0.63245,0,0.51117,0,0,1.54184,0,0,0,0,0,0,0,0.55046,0,0,0,0,0,0,0.35874,0,0.17598,0.00248,0,0,0,0,0,0,0,0,0,0,0,0.6391,0,0.23049,1.16648,0,0,0,0,0,0,0.37771,0,0,0,0,0,0,0,0,0,0,0.45231,0,3.05677,0,0,0,0,0,0,0,0,0,0,0.09795,0,0,0,0,0,0,0,0,0,0,0,0,0,0,0,0,0,0,0,0,0,0,0,0,0,0.06956,0,0,0,0,0,0,0,0,0,0,0,0,0,0.29364,0,0,3.62286,0,0,6.54732,0,0,0,0,0,0,0,0,0,0,0,0,0,0,0,0,0,0,0,0,0,0,0,0,0,0,0,0,0,0.74881,0,0,0.77985,0,0,0,0,0,0,0,0,0,0,0,0.21723,0,0,0,7.22753,0.01575,0,0,0,0,0.16401,0,0,0,0,0,0,0,0,0,0,0,0,0,0,0,0
"84-tP",0,0,0,0.00197,0.09253,0,0,0,0,0,0,0.13437,0,0,0,0,0,0,0,2.83927,0.01708,0,0,0,0,0,3.44162,0,0,2.80474,0,0,0,0,0,0,0,0,1.03824,0,0,0,0.32848,34.82139,0,1.15598,15.37781,0,1.98882,0,0,0,0,0,0,0,0,0,0,0,0,0,0,0.26577,0,0.12811,0,0.80859,0,0,0.01922,0,0,0,0,0,0,0,0,0,0,0,0,0,0,0,0,0,0,0.01154,0,0,0,0,0,0,0,0,0,0,0,0,0,0,0,0,0,0.64673,0,0.78412,0,0,0.96436,0,0,0,0,0,0,0,0.58548,0,0,0,0,0,0,0.3029,0,0.29855,0,0,0,0,0,0,0,0,0,0,0,0,0.56613,0,0.15855,0.2553,0,0,0,0,0,0,4.49283,0,0,0,0,0,0,0,0,0,0,0.37699,0,3.44374,0,0,0,0,0,0,0,0,0,0,0.06001,0,0,0,0,0,0,0,0,0,0,0,0,0,0,0,0,0,0,0,0,0,0,0,0,0,0.05394,0,0,0,0,0,0,0,0,0,0,0,0,0,0.29659,0,0,3.08115,0,0,7.32961,0,0,0,0,0,0,0,0,0,0,0,0,0,0,0,0,0,0,0,0,0,0,0,0,0,0,0,0,0,1.92165,0,0.06896,1.032,0,0,0,0,0,0,0,0,0,0,0,0.16685,0,0,0,7.68717,0.00595,0,0,0,0,0.14494,0,0,0,0,0,0,0,0,0,0,0,0,0,0,0,0
"85-rB",0,0,0,0,0,0,1.80372,0,0,0,0,0,0,0,0,0,0,0,0,0,0,0,0,0.03096,0,0,0,4.55838,0,0,0,0,0,0,5.72586,4.30479,0,0,0,0,0,0,0,1.96715,0,4.02668,0,18.66074,0,0,0,0,0,0,0,0,0,0,0,0,0.51461,0,1.17886,0.01044,1.88332,4.77166,0,1.4675,0,0,0,0,0,0,0,0,0,0,0,0,0,0,0,0,0,0,0,0,0.31349,1.81076,1.87827,0.02262,0,0,0,0,1.83762,0,0,0,0,0,0,0,0,0,0,0.8027,0,0,0,0.04268,0,0,0,0,0,0.0018,0,0,0,0,0,0,0,0,0.03147,0,0,0,0.96639,0,0,0,0,0,0,0.02999,0.55005,0,0,0,0,0,0,0,0,0,0,0,0,0,0.81511,0,0,0,0,0,0,0,0,0,0,2.11562,0,0,0,0,0,0,0.02378,0,0,0,0,0,0,0.14575,0,0,0,0,0,0,0,0,0,0,0,0,0,0,0,0,0,0,0,0,0,0.01104,0,0,0,0,0,0,0,0,0,0,0,0,0,0,0,0,0,0,0,34.1832,0,0,1.12518,0,0,0,0,0,0,0,0,0,0,0,0,0,0,0,0,0,0,0,0,0,0,0,0,0,0,0,0,0,0,0,0,0,0,0,0,0,0,0.01877,0,0,0,0,0,0.72298,0,0.00393,0,0,0.59117,0,1.05096,0,0,0,0,0,0,0,0,0,0,0,0,0,0,0,0,0,0,0
"85-rP",0,0,0,0.02726,0,0,3.13627,0,0,0,0,0,0,0,0,0,0,0.02854,0,0,0,0.05672,0.02774,0.6337,0,0,0,9.42783,0,0,0,0,0,0,0.16291,1.63722,0,0,0,0,0,0,0,17.59489,0,7.35439,0,2.97065,0,0,0.75499,0,0,0,0,0,0.04777,0,0,0,0,0,0.23636,0.42518,0,0.41647,0,0.76742,0,0,0,0,0,0,0,0,0,0.08495,0,0,0,0,0,0,0,0,0,0,0.05954,0.12,0,0,0,0,0,0,0,0,0,0,0,0,0,0,0,0,0,0.90672,0,0,0,0,0,0,0,0,0,0.08547,0,0,0,0,0,0,0,0,0.11263,0,0.83884,0,0.13261,0,0,0,0,0,0,0,0,0,0,0,0,0,0,0.86179,0,9.84144,0,0,0,0,2.55634,0,0,0,0,0,0,0,0.00143,0.05325,0,1.50232,0,0,0,0,0,0,0,0,0,0,0,0,0,0.40462,0.07325,0,0,12.15727,15.56246,3.7449,0,0,0,0,0,0,0,0,0,0,0,0,0,0,0,0,0,0,0.03468,0,0,0,0,0,0,0,0,0,0,0,0,1.02392,0,0,0,2.18013,0,0,1.15517,0,0,0,0,0,0,0,0,0,0,0,0,0,0,0,0,0,0,0,0,0,0,0,0,0,0,0,0,0,0,0,0,0,0,0,0,0,0,0.00513,0,0,0,0,0,0.49842,0,0,0,0,0.21563,0,0.07863,0,0,0,0,0,0,0,0.00216,0,0,0,0,0,0,0,0,0,0,0
"85-tB",0,0,0,0.0089,0,0,0.80652,0,0,0,0,0,0,0,0,0,0,0,0,0,0,0,0.00931,0.46328,0,0,0,17.81517,0,0,0,0,0,0,0.12305,3.03909,0,0,0,0,0,0,0,12.90047,0,8.29065,0,9.2753,0,0,1.01208,0,0,0,0,0,1.67128,0,0,0,0,0,0.07269,2.18064,0,0.76916,0,2.78172,0,0,0,0,0,0,0,0,0,0.08024,0,0,0,0,0,0,0,0,0,0.03403,0.09251,0.00411,0,0,0,0,0,0,0.04402,0,0.05507,0,0,0,0,0,0,0,0,0.95989,0,0,0,0,0,0,0,0,0,0,0,0.00148,0,0,0,0,0,0,0,0,2.9626,0,0.12728,0,0,0,0,0,0,0,0,0,0,0,0,0,0,13.86766,0,8.0866,0,0,0,0,2.31113,0,0,0,0,0,0,0,0,0.52069,0,0.96421,0,0,0,0,0,0,0,0,0,0,0,0,0,0,0,0,0,0,0,0,0,0,0,0,0,0,0,0,0,0.01247,0.97446,0,0,0,0.02235,0,0,0,0,0,0,0,0,0,0,0,0,0,0,0,0,0.49606,0,0,0,4.98192,0,0,0.98314,0,0,0,0,0,0,0,0,0,0,0,0,0,0,0,0,0,0,0,0,0,0,0,0,0,0,0,0,0,0,0,0,0,0,0,0,0,0,0.01902,0,0,0,0,0,0.87275,0,0,0,0,0,0,0.20017,0,0,0,0,0,0,0,0,0,0,0,0.10684,0,0,0,0,0,0,0
"85-tP",0,0,0,0.06737,0,0,4.0782,0,0,0,0,0,0,0,1.46126,0,0,0.00617,0,0,0.19114,0.46775,0.06416,1.47793,0,0,0,19.65853,0,0,0,0,0,0,0.08902,1.44681,0,0,0,0,0,0,0,14.94778,0,8.43214,0,4.47687,0,0,0.37514,0,0,0,0,0,0.60996,0,0,0,0,0,0.3115,0.69411,0,0.09556,0,0.97605,0,0,0,0,0,0,0,0,0,0.01999,0,0,0,0,0.28932,0.05958,0,0,0,0,0.03545,0.53274,0,0,0.64217,0,0,0.00869,0.72163,0,0.04823,0,0,0,0,0.01455,0,0,0,0.74086,0,0,0,0.81756,0,0,0,0,0,0.43872,0,0,0,0,0,0,0,0,0.13773,0,1.61725,0,1.53775,0,0.00921,0,0,0.28987,0,0.09268,0.83698,0,0,0,0,0,0,2.58934,0,4.13512,0,0,0,0,3.42353,0,0,0,0,0,0,0,0.80519,0.33255,0,1.60303,0,0,0,0,0.42949,0,0.09586,0,0,0,0,0,0,1.41887,0.03477,0,0,1.99092,1.96617,0.2382,0,0,0,0,0,0,0,0,0,0,0,0,0,0,0,0,0,1.28449,0.00735,0,0,0,0,0,0,0,0,0,0,0,0,2.9692,0,0,0,2.33733,0,0,1.86462,0,0,0,0,0.76448,0.00473,0,0,0,0,0,0,0,0,0,0,0,0,0,0,0,0,0,0,1.72733,0,0,0,0,0.04183,0,0,0,0,0,0,0,0,0.10911,0,0,0,0,0,0.21171,0,0,0,0,0.54074,0,0.24371,0,0,0,0,0,0,0,0,0,0,0,0,0,0.01194,0,0,0,0,0
"95-rB",0,0,0,0.0589,0.55832,0,0,0,0,0,22.4157,0.61324,0,0,0,0.36378,0,0,0.00315,0,0,0.10824,0.15669,3.08789,0,0,0,10.97288,0,0,0,0,2.43712,0,0,0,0,0,1.76199,0,0,0,0,0,4.08901,7.038,0,2.90934,0,0.86973,0,0,0,0,0.15801,0,0,0,0,0.15787,0,0,0.07805,0,0,0.19281,0.03228,3.67824,0,0,0,0,0,0,0,0,0,0,0,0,0,0,0,0,0,0,0,0,0,0.81619,0.22577,0,0.24533,0,0,0,0,0.05228,0.07857,0,0,0,0.7476,0.10395,0,0,0,0,0,0,0,0.16517,0,0,0,0,0,0,0,0,0,0,0,0,0.06852,0,0,0,0,0,0,0.12876,0,0,0,0,0,0,0.29588,0,0,0,0,0,0,0,0,0,0,0.83715,0.1418,0,0.57065,0,0,0,0,0,0,0,0,0.12367,0,0.75371,0,0,0,0,0,0,0,0,0,0.48486,0.11317,0,0,0.02458,0.01024,0.78883,0,0,0,0,0,0,0,0,0,0,0,0,0,0,0,0,0,0,0,0,0,0,0.40306,0,0,0,0,0,0,0,0,0,0,0,0,1.28008,0,0,0,16.40089,0,0,0,0,0,0.08417,0,0,0,0,0,0,0,0,0,0,0,0,0,0,0,0,0,0,0,0,0,0,0,0,0,0,8.0403,0,0,0.46836,0,0,0,0,0,0.00909,0,0,3.95813,0,0,0.24942,0,0,0,0,0.35973,0,0.18927,0,0,0,0,0,0,0,0.03955,0,0,0,0,0,0,0,0,0,0,0
"95-rP",0,0,0,0.09634,0.47538,0,0,0,0,0,17.40166,0.61508,0,0,0,0.51944,0,0,0,0.46387,0,0.1553,0.19678,3.68657,0,0,0,11.54158,0,0,0,0,4.2405,0,0,0,0,0,2.76372,0,0,0,0,0,3.95662,13.76821,0,3.97336,0,5.52193,0,0,0,0,0.31536,0,0,0,0,0.20424,0,0,0.11759,0,0,0.29941,0.1144,3.2637,0,0,0,0,0,0,0,0,0,0,0,0,0,0,0,0,0,0,0,0,0,0.86899,0.06022,0,0.0863,0,0,0,0,0.00815,0,0,0,0,0.60292,0.07163,0,0,0,0,0,0,0,0.00582,0,0,0,0,0,0,0,0,0,0,0,0,0.21506,0,0,0,0,0,0.04361,0.07157,0,0,0,0,0,0.01012,4.13861,0,0,0,0,0,0,0,0,0,0,0.34667,0.00708,0,0.06348,0,0,0,0,0,0,0,0,0.02317,0,1.01971,0,0,0,0,0,0,0,0,0,0,0,0,0,0,0,0.97341,0,0,0,0,0,0,0,0,0,0,0,0,0,0,0,0,0,0,0,0,0,0,0.29355,0,0,0,0,0,0,0,0,0,0,0,0,0.82316,0,0,0,9.39512,0,0,0,0,0,0.23083,0,0,0,0,0,0,0,0,0,0,0,0,0,0,0,0,0,0,0,0,0,0,0,0,0,0,5.00496,0,0,0.20272,0,0,0,0,0,0.06379,0,0,0.81381,0,0,0.31175,0,0,0,0,0.04449,0,0.35299,0,0,0,0,0,0,0,0.05605,0.09918,0,0,0,0,0,0,0,0,0,0
"95-tB",0,0,0,0.09701,0.59875,0,0,0,0,0,13.84154,0.38907,0,0,0,0.37291,0,0,0,0.89557,0,0,0.21122,5.51641,0,0,0,11.89738,0,0,0,0,3.57349,0,0,0,0,0,0.93099,0,0,0,0,0,5.15918,14.30541,0,4.51898,0,2.25079,0,0,0,0,0.23637,0,0,0,0,0.15144,0,0.01604,0.07786,0,0,0.46735,0.20658,3.60703,0,0,0,0,0,0,0,0,0,0,0,0,0,0,0,0,0,0,0,0,0,0.64087,0,0.005,0.07303,0,0,0,0,0.00361,0.63241,0,0,0,0.39673,0.05192,0,0,0,0,0,0,0,0,0,0,0,0,0,0,0,0,0,0,0,0,0.0956,0,0,0,0,0,0.04897,0.10415,0,0,0,0,0,0.09807,0.67291,0,0,0,0,0,0,0,0,0,0,1.36916,0.27549,0,2.21046,0,0,0,0,0,0,0,0,0.15414,0,1.15418,0,0,0,0,0,0,0,0,0,0,0,0,0.02515,0,0,0.80256,0,0,0,0,0,0,0,0,0,0,0,0.00933,0,0,0,0,0,0,0,0,0,0,0.65976,0,0,0,0,0,0,0,0,0,0,0,0,0.81744,0,0,0,9.64873,0,0,0,0,0,0.10717,0,0,0,0,0,0,0,0,0,0,0,0,0,0,0,0,0,0,0,0,0,0,0,0,0,0,6.15571,0,0,0.30781,0,0,0,0,0,0.16424,0,0,2.67828,0,0,0.63927,0,0,0,0,0.30933,0,0.36711,0,0,0,0,0,0,0,0,0,0,0,0,0,0,0,0,0,0,0
"95-tP",0,0,0,0.03399,0.75819,0,0,0,0,0,13.92411,0.27027,0,0,0,0.69324,0,0,0,0.21373,0,0,0.10542,3.54866,0,0,0,14.85562,0,0,0,0,5.30452,0,0,0,0,0,1.46292,0,0,0,0,0,4.65922,13.54181,0,6.89938,0,1.65886,0,0,0,0,0.20599,0,0,0,0,0.12666,0,0.08603,0.06891,0,0,0.20948,0.32227,2.6863,0,0,0,0,0,0,0,0,0,0,0,0,0,0,0,0,0,0,0,0,0,0.88603,0,0,0.007,0,0,0,0,0,0.40581,0,0,0,0.33539,0.03147,0,0,0,0,0,0,0,0.06302,0,0,0,0,0,0,0,0,0,0,0,0,0.10776,0,0,0,0,0,0.14337,0.00653,0,0,0,0,0,0.15935,5.48164,0,0,0,0,0,0,0,0,0,0,0.77543,0.03906,0,0.01378,0,0,0,0,0,0,0,0,0.0286,0,1.15999,0,0,0,0,0,0,0,0,0,0,0,0,0.00626,0,0,0.09949,0,0,0,0,0,0,0,0,0,0,0,0,0,0,0,0,0,0,0,0,0,0,0.52811,0,0,0,0,0,0,0,0,0,0,0,0,0.83183,0,0,0,11.02965,0,0,0,0,0,0.31435,0,0,0,0,0,0,0,0,0,0,0,0,0,0,0,0,0,0,0,0,0,0,0,0,0,0,3.29316,0,0,0.27365,0,0,0,0,0,0.06971,0,0,0.0508,0,0,1.82885,0,0,0,0,0,0,0.37892,0,0,0,0,0,0,0,0.00855,0,0,0,0,0.00681,0,0,0,0,0,0
"96-rB",0,0,0,0.0358,0.18779,1.0274,0.05817,0,0,0,7.44039,0.53814,0,0,0,0,0,0,0,1.24951,0.03784,0,0.03516,0,0,0,0,15.73253,0,0,0,0,2.11218,0,0,0,0,0,7.90308,0,0,0,0,0,3.59849,0,1.14218,0.85027,0,1.60277,0,0.42685,0,0,0.29303,0,0,0,0,0,0,0,0,0.38162,0,0.02524,0,3.09586,0,0,0,0,0,0,0,0,0,0.07101,0,0,0,0,0,0,0,0,0,0,0,0.00738,0,0,0,0,0,0,0,0,0,0,0,0,0,0,0,0,0,0,0,0.13833,0,0.01933,0,0.32631,0,0.03071,0,0,0,0,0,0,0,0,0,0,0,0,0,0.03704,0.00235,0,0,0.05154,0,0,0,0,0,0,0,0.85417,0.55942,0,0.04509,3.98595,5.37213,0,0,0,0.36195,0,11.24938,0,0.02726,0,0,0,0,0,0.14732,0.2501,0,0.09523,0,0,0,0,0,0,0.00093,0,0,0,0,0,0,0,0,0.02781,0,0,0,0,0,0,0,0,0,0,0,0,0,0,0,0,0,0,0,0,0,0,1.16661,0,0,0,0,0,0,0,0,0,0,0,0.06891,1.1727,1.20172,0,0,7.06867,0,0,2.47209,0,0,0.99279,0,0,0,0.29877,0,0,0,0,0,0,0,0,0,0,0,0,0,0,0.09056,0,0,0,0,0,0,0,0,0,4.77993,0,0,0,0.01169,0,0.01314,0,0,2.75022,4.7088,0,0,0.09458,0,0,0,0,0.04957,0,0.07969,0,0,0,0,0,0,0.26694,1.19142,0,0,0,0,0.08613,0,0,0,0,0,0
"96-rP",0,0,0,0,0.17002,0.07644,0,0,0,0,8.13868,0,0,0,0,0,0,0,0,1.86874,0,0,0,0,0,0,0,21.24403,0,0,0,0,1.7263,0,0,0,0,0,7.88428,0,0,0,0,0,1.30218,0,0,0.61309,0,2.23291,0,0.25321,0,0,0,0,0,0,0,0,0,0,0,0.64709,0,0,0,2.01995,0,0,0,0,0,0,0,0,0,0,0,0,0,0,0,0,0,0,0,0,0,0,0,0,0,0,0,0,0,0,0,0,0,0,0,0,0,0,0,0,0,0,0,0,0,0.06946,0,0,0,0,0,0,0,0,0,0,0,0,0,0,0,0,0,0,0,0,0,0,0,0,0,0,0,0,1.0755,0,0,6.43204,1.39338,0,0,0,0.30934,0,13.3219,0,0,0,0,0,0,0,0,0,0,0,0,0,0,0,0,0,0,0,0,0,0,0,0,0,0,0,0,0,0,0,0,0,0,0,0,0,0,0,0,0,0,0,0,0,0,0,0,0,0.13294,0,0,0,0,0,0,0,0,0,0,0,0,0.30487,0.31848,0,0,5.81218,0,0,4.524,0,0,0.85971,0,0,0,0,0,0,0,0,0,0,0,0,0,0,0,0,0,0,0,0,0,0,0,0,0,0,5.53537,0,2.36323,0,0,0,0,0,0,0,0,2.44255,4.57362,0,0,0,0,0,0,0,0,0,0,0,0,0,0,0,0,0,2.3545,0,0,0,0,0,0,0,0,0,0,0
"96-tB",0,0,0,0.03179,0.28137,2.13958,0.23666,0,0,0,12.11275,0.93968,0,0,0,0,0,0,0,1.20477,0.02945,0,0.04403,0,0,0,0,12.27232,0,0,0,0,1.12385,0,0,0,0,0,7.93302,0,0,0,0,0,1.49748,0,1.00879,0.92865,0,0.84969,0,0.20505,0,0.05621,0,0,0,0,0,0,0,0,0.0182,1.75179,0,0,0,1.09213,0,0,0,0,0,0,0,0,0,0,0,0,0,0,0,0,0,0,0,0,0.00726,0,0,0,0,0,0,0,0,0.01751,0,0,0,0,0,0,0,0,0,0.03407,0,0.29439,0.02301,0.05482,0,0.5044,0,0.04232,0,0,0,0,0,0,0,0,0,0,0,0,0,0.02974,0,0,0,0.09959,0,0,0,0,0,0,0,3.09068,0.88837,0,0.24057,4.80643,4.8752,0,0,0,1.59361,0,10.33285,0,0.00164,0,0,0,0,0,0.36483,0.09017,0,0.16015,0,0,0,0,0,0,0.04889,0,0,0,0,0,0,0,0,0.0962,0,0,0,0,0,0,0,0,0,0.33101,0,0,0,0,0,0,0,0,0,0,0,0,0.90523,0,0.01007,0,0,0,0,0,0,0,0,0,0.13677,1.17858,2.31367,0,0,5.71185,0,0,3.43654,0,0,1.14579,0,0,0,0.39644,0,0,0,0,0,0,0,0,0,0,0,0,0,0,0.11127,0,0,0,0,0,0,0,1.11835,0,0.18782,0,0,0,0.03051,0,0,0,0,2.69959,4.08219,0,0,0.04797,0,0,0,0,0.00108,0,0.18969,0,0,0,0,0,0,0.43546,1.87397,0.05541,0,0,0,0.14679,0,0,0,0,0,0
"96-tP",0,0,0,0.0013,0.10434,1.38594,0.05085,0,0,0,9.80492,0.50638,0,0,0,0,0,0,0,1.21716,0.073,0,0.00521,0,0,0,0,17.6284,0,0,0,0,1.9537,0,0,0,0,0,8.94207,0,0,0,0,0,3.52939,0,0.79843,2.50506,0,0.15182,0,0.20055,0,0,0.10509,0,0,0,0,0,0,0,0,0.8343,0,0.00248,0,3.48292,0,0,0,0,0,0,0,0,0,0.05239,0,0,0,0,0,0,0,0,0,0,0,0,0,0,0,0,0,0,0,0,0,0,0,0,0,0,0,0,0,0.01185,0,0.28334,0,0.06417,0,0.43671,0,0.01413,0,0,0,0,0,0,0,0,0,0,0,0,0,0.03223,0,0.00389,0,0.04061,0,0,0,0,0,0,0,0.52068,1.52934,0,0.20525,1.92778,1.59326,0,0,0,0.27686,0,7.53935,0,0,0,0,0,0,0,0.13053,0.08028,0,0.11776,0,0,0,0,0,0,0,0,0,0,0,0,0,0,0,0.05302,0,0,0,0,0,0,0,0,0,0,0,0,0,0,0,0,0,0,0,0,0,0,0.40349,0,0,0,0,0,0,0,0,0,0,0,0.04084,1.72788,2.15801,0,0,9.64538,0,0,3.07728,0,0,1.68815,0,0,0,0.66844,0,0,0,0,0,0,0,0,0,0,0,0,0,0,0.13408,0,0,0,0,0,0,0,1.3723,0,3.11251,0,0,0,0.01652,0,0,0,0,2.9337,4.19089,0,0,0.10317,0,0,0,0,0.0363,0,0.07693,0,0,0,0,0,0,0.03492,0.25658,0,0,0,0,0.12587,0,0,0,0,0,0
"97-rB",0,0,0,0.01788,0,45.37265,0.01092,0.72151,0.28202,0,7.4627,0.14738,0,0,0,0,0,0,0,2.21317,0,0,0.03747,0,6.43643,0,0,0.64395,0,0,0,0,0,0,0,0,0,0,0,0,0,0,0,0,0.34802,4.30873,1.90794,0,1.54558,0.71581,0,0,0,0,0.07334,0,0,0,0,0.1507,0,0,0,1.4863,0,0,0,0.04895,0,0,0,0,0.02048,0.10773,0,0,0,0,0,0,0,0,0,0,0,0,0,0,0,0.01897,0,0,0,0,0,0,0,0,0.03341,0,0,0,0,0,0,0,0,0,0,0.26576,0,0.06335,1.93232,0,0,0,0,0,0.06995,0,0,0.08528,0,0,0.01548,0,0,0.00528,0.06357,0.01458,0.23353,0.02101,0.14268,0,0,0,0,0.00141,0,0,0,0.82362,0.08089,0,0,0.31243,0,2.59425,0,0,0,0,0.10544,0,0,0,0,0,0,0,0.09197,0,0,0.25806,0,0.0752,0,0,0,0,0.00118,0,0,0,0,0.17496,0,0,0,0,0,0,0,0,0,0,0,0,0.62737,0,0,0,0,0,0,0,0,0,0,0,0,0,0,0,0,0,0,0,0,0,1.77848,0,0,0,0.05153,0.24394,0,8.31267,0.12281,1.23573,0,0.73914,2.31119,0,0,0.1256,0,0,0,0,0,0,0,0,0,0,0,0,0,0,0,0,0,0,0,0,0,0,0,0,0,0,0,0.0132,0,0.12782,0,0,0,0,0,0,0.2998,0.25723,0,0,0,0,0.16696,0,0,1.98617,0.01766,0,0,0,0,0,0,0,0,0,0.00916,0.02931,0,0,0,0,0,0,0,0,0,0
"97-rP",0,0,0,0.00977,0,19.57502,0.04593,0.32623,0.36182,0,15.5377,0.30967,0.01114,0,0,0,0,0.06876,0,1.06558,0,0,0.01534,0,13.37431,0,0,3.36038,0,0,0,0,0,0,0,0,0,0,0,0,0,0,0,0,0.87133,8.05782,1.9909,0,1.64321,2.1983,0,0,0,0,0.1358,0,0,0,0,0.05996,0,0,0,1.27986,0,0,0,0.07729,0,0,0,0.00321,0.01427,0,0,0,0,0,0,0,0,0,0,0,0,0.00429,0,0,0,0.05395,0.03719,0.01089,0,0,0,0,0,0,0.0622,0,0,0,0,0,0,0,0,0,0,0.05937,0,0,0.92381,0,0,0,0,0,0.52481,0,0,0.1589,0,0,0.01849,0,0,0.2653,0.28438,0,0.11367,0.10063,0.19595,0,0,0,0,0,0,0,0,0.44696,0.12356,0,0,1.06424,0.45899,6.09155,0,0,0,0,1.56078,0,0,0,0,0,0,0,0.1655,0,0,0.05965,0,1.32234,0,0,0,0.0144,0,0,0,0,0,0.06232,0,0,0,0.00209,0,0,0,0,0,0,0,0,0.26062,0,0,0,0,0,0,0,0,0,0,0,0,0,0,0,0,0,0,0,0,0,0.57488,0,0,0,0.58932,0.52424,0,2.56316,0.04218,1.95094,0,1.11704,2.86713,0,0,0.41772,0,0,0,0,0,0,0,0,0,0,0,0,0,0,0,0,0,0,0,0,0,0,0,0,0,0,0.61286,0.02541,0,0.57199,0,0,0,0,0,0,0.17351,0.02664,0,0,0,0,1.5808,0,0,0.64555,0.81218,0,0,0,0,0,0,0,0,0,0.02792,0.03609,0,0,0,0,0,0,0,0,0,0
"97-tP",0,0,0,0.06086,0.03319,17.37492,0.01525,0.20849,0.03157,0,9.91792,0.50684,0,0,0,0,0,0.05742,0,0.62668,0,0,0.06966,0,10.27037,0,0,2.69771,0,0,0,0,0,0,0,0,0,0,0,0,0,0,0,0,1.98029,7.34248,5.49524,0.55481,1.79924,0.29077,0,0,0,0,0,0,0,0,0,0.08571,0,0,0,1.14174,0,0,0,0.60494,0,0,0,0,0.03777,0,0,0,0,0,0,0,0,0,0,0,0,0,0,0,0,0.04097,0.02169,0,0,0,0,0,0,0,0,0,0,0,0,0,0,0,0,0,0,0.65191,0,0,0.77179,0,0,0,0,0,0.37479,0,0,0.22972,0,0,0.09455,0,0,0.29128,0.05898,0.14598,0.02994,0,0,0,0,0,0,0,0,0,0,0.36693,0.04925,0,0,2.17622,2.42517,9.80734,0,0,0,0,3.2712,0,0,0,0,0,0,0,0,0,0,0.00375,0,0.50452,0,0,0,0,0,0,0,0,0,0.02756,0,0,0,0.20849,0,0,0,0,0,0,0,0,0.89301,0,0,0,0,0,0,0,0,0,0,0,0,0,0.08909,0,0,0,0,0,0,0,0.73979,0,0,0,0.21539,0.74881,0.39466,1.01895,0.03581,2.12857,0,2.62651,2.26001,0,0,0.89694,0,0,0,0,0,0,0,0,0,0,0,0,0,0,0,0,0,0,0.01184,0,0,0,0,0,0,0,1.70067,0.39661,0,0.63783,0,0,0,0,0,0,0.14713,0.52032,0,0,0,0,0.78248,0,0,0.87011,0.1296,0,0,0,0,0,0,0,0,0,0,0,0,0,0,0,0,0,0,0,0,0
"99-rB",0,0,0,0.00547,1.15904,0,5.84908,0,0.96677,0,12.33819,0.10323,0,0,0,0,0,0,0,0.49635,0,0,0.00242,0,0,0,0,0,0,0,0,0,0.8244,0,0,0,0,0,3.58944,0,0,0,0,0,0.49848,6.98295,24.8081,0,3.28672,0,0,0,0,0,0.20595,0,0,0,0,0,0,0,0,0.64034,0,0,0,0.28392,0,0,0,0,0,0,0,0,0,0,0.08661,0,0,0,0,0,0,0,0,0,0,0,0,0,0,0.69178,0,0,0,0,0.0802,0,0,0,0,0,0,0,0,0,0,1.89574,0.1192,0,1.01483,0,0,0,0,0,0,0.17942,0.95525,0,0,0,0.0201,0,0,0.27209,1.21841,0,0,0,0,0,0,0,0,0,0,0,0,0.19699,0.56214,0,0.03044,0.13926,0.02623,0,0,0,0,0.07804,8.92638,0,0,0,0,0,0,0,0,0,0,0.16436,0,1.5424,0,0,0,0.81817,0,0,0,0,0,0,0,0,1.10844,0,0,0,0,0,0,0,0,0,0.41355,0,0,0,0,0,0,0,0,0,0,0,0,0,0.74151,0,0,0,0,0,0,0,0,0,0,0,0.30078,1.32803,0.18472,0.04694,0,1.44465,0,0.94889,1.92258,0,0,2.41525,0,0,0,0,0,0,0,0,0,0,0,0,0,0,0,0,0,0,0.04943,0,0,0,0,0,0,0,1.89366,0.09931,0.92915,1.28671,0,0,0,0,0,0,0,1.52335,0,0,0,0,1.11519,0,0,0.82635,0.13925,0,0.10335,0,0,0,0,0,0,0,0,0.09279,0,0,0,0.02723,0,0,0,0,0,0
"99-rP",0,0,0,0,0,0,30.39455,0.02263,0.46112,0,8.66503,0.15774,0,0,0,0,0,0,0,0.11984,0,0,0,0,0,0,0,0,0,0,0,0,1.01588,0,0,0,0,0,2.26876,0,0,0,0,0,9.28332,17.15884,11.20735,0,4.44484,0,0,0,0,0,0.05398,0,0,0,0,0,0,0,0,0.16211,0,0,0,0,0,0,0,0,0,0,0,0,0.03086,0,0.10344,0,0,0,0,0,0,0,0,0,0,0,0,0,0,0.20602,0,0,0,0,0.01203,0,0,0,0,0,0,0,0,0,0,0.11724,0.06411,0,0.60058,0,0,0,0,0,0,0.06911,0.04839,0,0,0,0,0,0,0.01972,0.04438,0,0,0,0,0,0,0,0,0,0,0,0,0.30485,0.27947,0,0,0.13717,2.67218,0,0,0,0,0,4.46966,0,0,0,0,0,0,0,0,0,0,0,0,0.02152,0,0,0,0.2132,0,0,0,0,0,0,0,0,0,0,0,0,0,0,0,0,0,0,0.22498,0,0,0,0,0,0,0,0,0,0,0,0,0,0.19315,0,0,0,0,0,0,0,0,0,0,0,0.07093,1.04174,0,0.6922,0,0.9073,0,0.52699,0.40833,0,0,0.44355,0,0,0,0,0,0,0,0,0,0,0,0,0,0,0,0,0,0,0,0,0,0,0,0,0,0,0.14631,0.01727,0.05197,0.05318,0,0,0,0,0,0,0,0.15738,0,0,0,0,0,0,0,0.17204,0.06275,0,0,0,0,0,0,0,0,0,0,0,0,0,0,0,0,0,0,0,0,0
"99-tB",0,0,0,0.00247,0.30408,0,16.60854,0,0.60102,0,8.55396,0.09126,0,0,0,0,0,0,0,0.59604,0,0,0.00652,0,0,0,0,0,0,0,0,0,1.38835,0,0,0,0,0,3.29129,0,0,0,0,0,1.71649,14.79318,11.17988,0,5.00414,0,0,0,0,0,0.10877,0,0,0,0,0,0,0,0,1.82508,0,0,0,0.15429,0,0,0,0,0,0,0,0,0,0,0.01984,0,0,0,0,0,0,0,0,0,0,0,0,0,0,0.1693,0,0,0,0,0,0,0,0,0,0,0,0,0,0,0,0.11444,0.10804,0,1.06376,0,0,0,0,0,0,0.30817,0.30577,0,0,0,0.05162,0,0,0.155,0.72953,0,0,0,0,0,0,0,0,0,0,0,0,1.39435,0.50638,0,0.01952,0.20628,0.18224,0,0,0,0,0.16185,4.45366,0,0,0,0,0,0,0,0,0,0,0.08039,0,1.62483,0,0,0,1.29575,0,0,0,0,0,0,0,0,0.08519,0,0,0,0,0,0,0,0,0,0.73609,0,0,0,0,0,0,0,0,0,0,0,0,0,0.41324,0,0,0,0,0,0,0,0,0,0,0,0.04048,1.2312,0.23647,0.14405,0,0.95364,0,0.88991,0.81905,0,0,0.68405,0,0,0,0,0,0,0,0,0,0,0,0,0,0,0,0,0,0,0,0,0,0,0,0,0,0,2.50607,0.21923,2.58816,1.57515,0,0,0,0,0,0,0,5.78598,0,0,0,0,1.18654,0,0,0.64267,0.08673,0,0,0,0,0,0,0,0,0,0,0,0,0,0,0,0,0,0,0,0,0
"99-tP",0,0,0,0,0.07342,0,19.65092,0.00283,0.47732,0,10.37375,0.24338,0,0,0,0,0,0,0,0.05694,0,0,0,0,0,0,0,0,0,0,0,0,1.30807,0,0,0,0,0,1.85721,0,0,0,0,0,3.07137,26.87232,13.79407,0,4.51277,0,0,0,0,0,0.09813,0,0,0,0,0,0,0,0,0.49159,0,0,0,0.02456,0,0,0,0,0,0,0,0,0.03713,0,0.01472,0,0,0,0,0,0,0,0,0,0,0,0,0,0,0.09873,0,0,0,0,0,0,0,0,0,0,0,0,0,0,0,0.20926,0.04713,0,1.0293,0,0,0,0,0,0,0.10982,0.17403,0,0,0,0.00646,0,0,0.01721,0.27536,0,0,0,0,0,0,0,0,0,0,0,0,0.52872,0.14843,0,0.00588,0.249,0.34034,0,0,0,0,0,3.7859,0,0,0,0,0,0,0,0,0,0,0.09986,0,0.29147,0,0,0,0.29305,0,0,0,0,0,0,0,0,0.08989,0,0,0,0,0,0,0,0,0,0.25827,0,0,0,0,0,0,0,0,0,0,0,0,0,0.34995,0,0,0,0,0,0,0,0,0,0,0,0.04029,1.39763,0.03825,1.02091,0,0.8987,0,0.55089,0.91778,0,0,0.45892,0,0,0,0,0,0,0,0,0,0,0,0,0,0,0,0,0,0,0.00715,0,0,0,0,0,0,0,0.50787,0.04301,0.55902,0.46255,0,0,0,0,0,0,0,1.14,0,0,0,0,0.11245,0,0,0.37428,0.10176,0,0,0,0,0,0,0,0,0,0,0,0,0,0,0,0,0,0,0,0,0
